MSZoning,LotFrontage,LotArea,Alley,LotShape,LandContour,LotConfig,LandSlope,Neighborhood,Condition1,BldgType,HouseStyle,OverallQual,OverallCond,YearBuilt,YearRemodAdd,RoofStyle,Exterior1st,Exterior2nd,MasVnrType,MasVnrArea,ExterQual,ExterCond,Foundation,BsmtQual,BsmtCond,BsmtExposure,BsmtFinType1,BsmtFinSF1,BsmtFinType2,BsmtFinSF2,BsmtUnfSF,TotalBsmtSF,Heating,HeatingQC,CentralAir,Electrical,2ndFlrSF,GrLivArea,Bedroom,Kitchen,KitchenQual,TotRmsAbvGrd,Functional,Fireplaces,FireplaceQu,GarageType,GarageYrBlt,GarageFinish,GarageArea,GarageQual,GarageCond,PavedDrive,WoodDeckSF,OpenPorchSF,EnclosedPorch,3SsnPorch,ScreenPorch,Fence,MiscFeature,MoSold,YrSold,SaleType,SaleCondition,BsmtBath,Bath,2Materials,MSZoning_RL,MSZoning_RM,Alley_No,LotShape_Reg,LotShape_IR1,LandContour_Lvl,LotConfig_Inside,LotConfig_Corner,LandSlope_Gtl,Condition1_Norm,BldgType_1Fam,HouseStyle_1Story,HouseStyle_2Story,RoofStyle_Gable,RoofStyle_Hip,Exterior1st_VinylSd,Exterior1st_HdBoard,Exterior1st_MetalSd,Exterior1st_Wd Sdng,Exterior2nd_VinylSd,Exterior2nd_MetalSd,Exterior2nd_HdBoard,MasVnrType_None,MasVnrType_BrkFace,Foundation_PConc,Foundation_CBlock,BsmtExposure_No,BsmtExposure_Av,Heating_GasA,Electrical_SBrkr,GarageType_Attchd,GarageType_Detchd,PavedDrive_Y,MiscFeature_No,SaleType_WD,SaleCondition_Normal,MSSubClass_120,MSSubClass_160,MSSubClass_180,MSSubClass_190,MSSubClass_20,MSSubClass_30,MSSubClass_40,MSSubClass_45,MSSubClass_50,MSSubClass_60,MSSubClass_70,MSSubClass_75,MSSubClass_80,MSSubClass_85,MSSubClass_90,MSSubClass_150,SalePrice
3,4.442651256490317,9.565283817736765,2,2,2,1,1,301500.0,3,2,4,8,5,2000,2000,2,3,2,2,5.8607862234658645,4,3,3,4,3,2,6,6.4861607889440895,1,0.0,6.1964441277945195,7.044032897274685,3,5,1,3,6.960347729101308,7.695757990554762,4,0.6931471805599453,4,9,8,1,3,2,2000.0,2,836,3,3,3,5.2626901889048865,4.442651256490317,0.0,0.0,0.0,0,2,12,2008,2,1,1.0,2.5,0,1,0,1,0,1,1,0,0,1,1,1,0,1,1,0,1,0,0,0,1,0,0,0,1,1,0,0,1,1,1,1,0,1,1,1,1,0,0,0,0,0,0,0,0,0,1,0,0,0,0,0,0,12.429220196836386
3,4.4543472962535064,9.386392315756543,2,2,2,1,1,314906.5,3,2,4,9,5,2005,2006,3,3,2,3,5.6594822157596205,5,3,3,5,3,1,6,6.906754778648554,1,0.0,5.181783550292085,7.069874128458572,3,5,1,3,7.041411663794809,7.751475318021456,4,0.6931471805599453,5,11,8,2,4,3,2005.0,3,736,3,3,3,4.997212273764115,3.0910424533583165,0.0,0.0,0.0,0,2,7,2006,3,2,1.0,3.0,1,1,0,1,0,1,1,1,0,1,1,1,0,1,0,1,0,0,0,0,0,0,0,0,0,1,0,1,0,1,1,0,0,1,1,0,0,0,0,0,0,0,0,0,0,0,1,0,0,0,0,0,0,12.75130259456002
3,4.624972813284272,9.562123369834488,2,2,2,1,1,314906.5,3,2,4,8,5,2005,2006,2,3,2,2,5.942799375126701,4,3,3,5,3,2,1,0.0,1,0.0,7.055312843339753,7.055312843339753,3,5,1,3,7.105786129481271,7.773594467360193,4,0.6931471805599453,4,9,8,1,4,3,2005.0,2,853,3,3,3,5.484796933490656,5.043425116919247,0.0,0.0,0.0,0,2,11,2006,3,2,0.0,3.5,0,1,0,1,0,1,1,0,1,1,1,1,0,1,1,0,1,0,0,0,1,0,0,0,1,1,0,0,1,1,1,0,0,1,1,0,0,0,0,0,0,0,0,0,0,0,1,0,0,0,0,0,0,12.692506186542175
3,4.709530201312334,9.56317796268366,2,1,2,1,1,314906.5,3,2,3,8,5,2007,2007,2,3,2,3,6.46302945692067,4,3,3,4,3,1,1,0.0,1,0.0,7.356918242356022,7.356918242356022,3,5,1,3,0.0,7.378383712996714,3,0.6931471805599453,4,7,8,1,4,2,2007.0,2,890,3,3,3,0.0,4.043051267834549,0.0,0.0,0.0,0,2,7,2009,2,1,0.0,2.0,0,1,0,1,1,0,1,0,1,1,1,1,1,0,1,0,1,0,0,0,1,0,0,0,0,1,0,1,0,1,1,1,0,1,1,1,1,0,0,0,0,1,0,0,0,0,0,0,0,0,0,0,0,12.454107814022274
3,4.59511985013459,9.348274558065496,2,1,2,1,1,314906.5,3,2,3,8,5,2007,2008,2,3,2,3,5.303304908059076,4,3,3,5,3,1,6,7.105786129481271,1,0.0,6.18826412308259,7.4413203897176174,3,5,1,3,0.0,7.4413203897176174,3,0.6931471805599453,4,7,8,1,4,2,2008.0,2,772,3,3,3,0.0,3.9318256327243257,0.0,0.0,0.0,0,2,5,2010,2,1,1.0,2.0,0,1,0,1,1,0,1,1,0,1,1,1,1,0,1,0,1,0,0,0,1,0,0,0,0,1,0,1,0,1,1,1,0,1,1,1,1,0,0,0,0,1,0,0,0,0,0,0,0,0,0,0,0,12.631343648903036
3,4.110873864173311,8.897545598709328,2,1,2,1,1,314906.5,3,2,3,9,5,2005,2005,3,4,2,2,5.5093883366279774,5,3,3,5,3,1,6,7.050989447068045,1,0.0,6.013715156042802,7.353722330399631,3,5,1,3,0.0,7.353722330399631,2,0.6931471805599453,5,6,8,1,4,2,2005.0,3,556,3,3,3,5.318119993844216,3.8712010109078916,0.0,0.0,0.0,0,2,8,2007,2,1,1.0,2.0,0,1,0,1,1,0,1,1,0,1,1,0,1,0,0,1,0,0,1,0,0,1,0,0,1,1,0,1,0,1,1,1,0,1,1,1,1,1,0,0,0,0,0,0,0,0,0,0,0,0,0,0,0,12.533579815765734
3,4.691347882229144,9.504426892100957,2,1,2,1,1,314906.5,3,2,4,8,5,2004,2005,2,3,2,3,4.890349128221754,4,3,3,5,3,2,1,0.0,1,0.0,7.0192966537150445,7.0192966537150445,3,5,1,3,7.186144304522325,7.8050670442584895,4,0.6931471805599453,4,9,8,1,4,3,2004.0,3,691,3,3,3,4.736198448394496,3.49650756146648,0.0,0.0,0.0,0,2,9,2006,2,1,0.0,3.5,0,1,0,1,1,0,1,1,0,1,1,1,0,1,1,0,1,0,0,0,1,0,0,0,0,1,0,0,1,1,1,0,0,1,1,1,1,0,0,0,0,0,0,0,0,0,1,0,0,0,0,0,0,12.641099792120599
3,4.127134385045092,8.943636705909594,2,1,2,1,1,314906.5,3,2,3,9,5,2005,2005,3,4,2,2,6.023447592961032,5,3,3,5,3,1,6,6.124683390894206,1,0.0,7.167809184316443,7.4690838849212335,3,5,1,3,0.0,7.4690838849212335,2,0.6931471805599453,5,6,8,1,4,2,2005.0,2,576,3,3,3,5.2832037287379885,4.418840607796597,0.0,0.0,0.0,0,2,2,2010,2,1,1.0,2.0,0,1,0,1,1,0,1,1,0,1,1,0,1,0,0,1,0,0,1,0,0,1,0,0,1,1,0,1,0,1,1,1,0,1,1,1,1,1,0,0,0,0,0,0,0,0,0,0,0,0,0,0,0,12.675766851909593
3,4.204692619390967,9.52390946537981,2,2,4,2,1,282000.0,3,2,4,10,5,2006,2006,3,3,2,2,6.939253946041508,5,3,3,5,3,3,1,0.0,1,0.0,7.2520539518528135,7.2520539518528135,3,5,1,3,7.326465613840322,7.988203597022577,3,0.6931471805599453,4,10,8,1,4,3,2006.0,3,641,3,3,3,5.2626901889048865,0.0,3.6375861597263857,0.0,0.0,0,2,10,2006,3,2,0.0,3.5,0,1,0,1,0,0,0,0,0,1,1,1,0,1,0,1,1,0,0,0,1,0,0,0,1,1,0,0,0,1,1,0,0,1,1,0,0,0,0,0,0,0,0,0,0,0,1,0,0,0,0,0,0,12.991755706536901
3,3.80666248977032,8.770749549138642,2,2,2,1,1,314906.5,3,2,3,8,5,2006,2006,2,3,2,3,5.187385805840755,4,3,3,4,4,2,6,3.218875824868201,1,0.0,7.205635176410363,7.223295679562313,3,5,1,3,0.0,7.223295679562313,2,0.6931471805599453,4,6,8,1,4,2,2006.0,2,484,3,3,3,4.795790545596741,3.912023005428147,0.0,0.0,0.0,0,2,10,2007,2,1,0.0,2.0,0,1,0,1,0,1,1,1,0,1,1,0,1,0,1,0,1,0,0,0,1,0,0,0,0,1,0,0,0,1,1,1,0,1,1,1,1,1,0,0,0,0,0,0,0,0,0,0,0,0,0,0,0,12.218500103788145
3,4.343805421853683,9.16868469670735,2,1,2,1,1,314906.5,3,2,4,8,5,2004,2005,2,3,2,2,5.843544417031361,4,3,3,5,3,2,1,0.0,1,0.0,7.042286171939742,7.042286171939742,3,5,1,3,7.193685818395113,7.813591552952433,4,0.6931471805599453,4,9,8,1,4,3,2004.0,2,852,3,3,3,5.2626901889048865,5.0238805208462765,0.0,0.0,0.0,0,2,10,2007,2,1,0.0,2.5,0,1,0,1,1,0,1,1,0,1,1,1,0,1,1,0,1,0,0,0,1,0,0,0,1,1,0,0,1,1,1,0,0,1,1,1,1,0,0,0,0,0,0,0,0,0,1,0,0,0,0,0,0,12.666660207428574
3,4.804021044733257,9.684086987500752,2,1,2,1,1,301500.0,3,2,4,8,5,1991,1992,3,4,2,2,5.652489180268652,4,3,1,4,3,1,1,0.0,1,0.0,7.161622002939187,7.161622002939187,3,5,1,3,7.018401799069201,7.790696031174737,4,0.6931471805599453,4,9,8,1,3,2,1991.0,1,462,3,3,3,4.852030263919617,4.418840607796597,0.0,0.0,0.0,0,2,4,2006,2,1,0.0,2.5,0,1,0,1,1,0,1,0,1,1,1,1,0,1,0,1,0,1,0,0,0,0,1,0,1,0,1,1,0,1,1,1,0,1,1,1,1,0,0,0,0,0,0,0,0,0,1,0,0,0,0,0,0,12.468440756144116
3,4.68213122712422,9.539068413863962,2,1,2,1,1,314906.5,3,2,3,8,5,2007,2008,3,3,2,3,6.07993319509559,4,3,3,5,3,3,6,7.2449415463370075,1,0.0,5.739792912179233,7.4448332738921925,3,5,1,3,0.0,7.4448332738921925,2,0.6931471805599453,4,6,8,1,4,2,2007.0,2,866,3,3,3,0.0,4.634728988229637,0.0,0.0,0.0,0,2,1,2008,3,2,1.0,2.0,0,1,0,1,1,0,1,1,0,1,1,1,1,0,0,1,1,0,0,0,1,0,0,0,0,1,0,0,0,1,1,1,0,1,1,0,0,0,0,0,0,1,0,0,0,0,0,0,0,0,0,0,0,12.827731880206521
3,4.709530201312334,9.524347869595513,2,2,2,1,1,314906.5,3,2,4,9,5,2003,2004,2,3,2,2,6.499787040655853,4,3,3,5,3,2,6,6.92461239604856,1,0.0,6.322565239927285,7.360739903058278,3,5,1,3,7.00033446027523,7.889459149404523,3,0.6931471805599453,5,10,8,2,4,3,2003.0,3,726,3,3,3,5.9939614273065684,0.0,0.0,0.0,0.0,0,2,3,2008,2,1,1.0,2.5,0,1,0,1,0,1,1,1,0,1,1,1,0,1,1,0,1,0,0,0,1,0,0,0,1,1,0,0,1,1,1,0,0,1,1,1,1,0,0,0,0,0,0,0,0,0,1,0,0,0,0,0,0,12.92999390899636
3,4.564348191467836,9.407796816354407,2,1,2,1,1,314906.5,3,2,3,7,5,2005,2005,2,3,2,2,5.424950017481403,4,3,3,4,3,2,4,7.091742115095153,1,0.0,5.831882477283517,7.3408355541232755,3,5,1,3,0.0,7.3408355541232755,3,0.6931471805599453,4,7,8,1,4,2,2005.0,2,532,3,3,3,0.0,4.262679877041316,0.0,0.0,0.0,0,2,5,2010,3,2,0.0,2.0,0,1,0,1,1,0,1,0,1,1,1,1,1,0,1,0,1,0,0,0,1,0,0,0,1,1,0,0,0,1,1,1,0,1,1,0,0,0,0,0,0,1,0,0,0,0,0,0,0,0,0,0,0,12.301387370778713
3,4.465908118654584,9.265112607823164,2,1,2,1,1,314906.5,3,2,4,8,5,2007,2007,2,3,2,3,5.7071102647488745,4,3,3,5,3,1,6,7.161622002939187,1,0.0,5.68697535633982,7.367077059881012,3,5,1,3,6.313548046277095,7.6787889981991535,3,0.6931471805599453,5,8,8,1,4,2,2007.0,3,789,3,3,3,5.187385805840755,4.795790545596741,0.0,0.0,0.0,0,2,11,2007,3,2,1.0,1.5,0,1,0,1,1,0,1,1,0,1,1,1,0,1,1,0,1,0,0,0,1,0,0,0,0,1,0,1,0,1,1,1,0,1,1,0,0,0,0,0,0,0,0,0,0,0,1,0,0,0,0,0,0,12.693501691489768
3,3.80666248977032,8.576781982827894,2,2,2,1,1,282000.0,3,2,4,7,7,1987,1987,2,4,2,1,0.0,4,4,3,4,4,1,6,6.206575926724928,3,5.375278407684165,5.872117789475416,6.970730078143525,3,4,1,3,6.556778356158043,7.477604243197589,2,0.6931471805599453,4,5,8,1,3,2,1987.0,2,504,4,3,3,6.091309882077698,3.58351893845611,0.0,0.0,0.0,0,2,6,2006,2,1,1.0,2.0,0,1,0,1,0,1,1,1,0,1,1,0,0,1,1,0,0,1,0,0,0,0,1,1,0,1,0,1,0,1,1,1,0,1,1,1,1,0,1,0,0,0,0,0,0,0,0,0,0,0,0,0,0,12.384223015005311
3,4.158883083359672,9.76560384517274,2,2,2,2,1,282000.0,3,2,3,9,5,2008,2009,3,3,2,3,6.618738983517219,5,3,3,5,3,1,6,7.552237287560803,1,0.0,5.746203190540153,7.703910209616311,3,5,1,3,0.0,7.711996507047669,1,0.6931471805599453,5,9,8,1,4,2,2009.0,3,1166,3,3,3,0.0,4.110873864173311,0.0,0.0,0.0,0,2,7,2009,3,2,1.0,2.0,0,1,0,1,0,1,1,0,0,1,1,1,1,0,0,1,1,0,0,0,1,0,0,0,0,1,0,1,0,1,1,1,0,1,1,0,0,0,0,0,0,1,0,0,0,0,0,0,0,0,0,0,0,13.126032637428713
3,3.737669618283368,8.501876487304344,2,1,2,1,1,282000.0,3,2,3,8,5,2001,2002,2,2,3,1,0.0,4,3,3,5,3,2,6,7.050989447068045,1,0.0,6.089044875446847,7.3740018593501615,3,5,1,3,0.0,7.3740018593501615,0,0.6931471805599453,5,5,8,1,4,2,2001.0,3,682,3,3,3,0.0,4.795790545596741,0.0,0.0,5.416100402204419,0,2,8,2008,2,1,1.0,1.5,1,1,0,1,1,0,1,1,0,1,1,0,1,0,1,0,0,0,0,0,0,0,0,1,0,1,0,0,1,1,1,1,0,1,1,1,1,1,0,0,0,0,0,0,0,0,0,0,0,0,0,0,0,12.563750586299374
3,4.343805421853683,9.16868469670735,2,1,2,1,1,314906.5,3,2,3,8,5,2004,2005,3,3,2,2,5.572154032177764,4,3,3,5,3,2,6,6.9930151229329605,1,0.0,6.439350371100098,7.4465850991577245,3,5,1,3,0.0,7.4465850991577245,3,0.6931471805599453,5,7,8,1,4,2,2004.0,3,856,3,3,3,0.0,3.2958368660043287,0.0,0.0,5.14166355650266,0,2,1,2009,2,1,1.0,2.0,0,1,0,1,1,0,1,1,0,1,1,1,1,0,0,1,1,0,0,0,1,0,0,0,1,1,0,0,1,1,1,1,0,1,1,1,1,0,0,0,0,1,0,0,0,0,0,0,0,0,0,0,0,12.524166311833152
3,4.6443908991413725,9.508442961755849,2,1,2,1,1,314906.5,3,2,3,10,5,2003,2003,3,3,2,2,6.827629234502852,5,3,3,5,3,3,6,4.043051267834549,1,0.0,7.756623334538858,7.780303087908372,3,5,1,3,0.0,7.780303087908372,3,0.6931471805599453,5,8,8,1,5,2,2003.0,3,968,3,3,3,5.5174528964647065,4.663439094112067,0.0,0.0,0.0,0,2,6,2009,2,1,0.0,2.0,0,1,0,1,1,0,1,1,0,1,1,1,1,0,0,1,1,0,0,0,1,0,0,0,1,1,0,0,0,1,1,1,0,1,1,1,1,0,0,0,0,1,0,0,0,0,0,0,0,0,0,0,0,12.864242696187505
3,4.418840607796597,9.205428327615165,2,2,2,1,1,301500.0,3,2,4,7,5,1995,1995,2,3,2,2,5.673323267171493,4,3,3,4,3,1,6,6.338594078203182,1,0.0,6.4599044543775355,7.093404625868766,3,5,1,3,7.175489713624223,7.83241092718792,4,0.6931471805599453,4,9,8,1,3,2,1995.0,2,721,3,3,3,5.416100402204419,4.74493212836325,0.0,0.0,0.0,0,2,6,2007,2,1,0.0,2.5,0,1,0,1,0,1,1,1,0,1,1,1,0,1,1,0,1,0,0,0,1,0,0,0,1,1,0,1,0,1,1,1,0,1,1,1,0,0,0,0,0,0,0,0,0,0,1,0,0,0,0,0,0,12.577639650232573
3,5.1647859739235145,9.625029474611877,2,2,2,1,1,301500.0,3,2,4,8,5,1995,1996,2,3,2,2,6.228511003591184,4,3,3,4,3,1,6,6.536691597591305,1,0.0,6.651571873589728,7.288244401020124,3,5,1,3,7.173958319756794,7.9355873855892005,4,0.6931471805599453,5,9,8,1,3,2,1995.0,3,810,3,3,3,0.0,4.990432586778736,5.313205979041787,0.0,0.0,0,2,7,2009,2,1,1.0,2.5,0,1,0,1,0,1,1,1,0,1,1,1,0,1,1,0,1,0,0,0,1,0,0,0,1,1,0,1,0,1,1,1,0,1,1,1,1,0,0,0,0,0,0,0,0,0,1,0,0,0,0,0,0,12.906694322315321
3,4.543294782270004,9.395241931033523,2,1,2,1,1,314906.5,3,2,3,8,5,2007,2007,3,3,2,2,5.541263545158426,5,3,3,5,3,1,1,0.0,1,0.0,7.4354380198145495,7.4354380198145495,3,5,1,3,0.0,7.4354380198145495,3,0.6931471805599453,4,7,8,0,0,2,2007.0,3,818,3,3,3,5.1298987149230735,5.433722003554241,0.0,0.0,0.0,0,2,12,2007,3,2,0.0,2.0,0,1,0,1,1,0,1,1,0,1,1,1,1,0,0,1,1,0,0,0,1,0,0,0,1,1,0,1,0,1,1,1,0,1,1,0,0,0,0,0,0,1,0,0,0,0,0,0,0,0,0,0,0,12.669809806411454
3,4.532599493153255,9.372884301161463,2,2,2,2,1,301500.0,3,2,4,8,7,1999,2007,2,3,2,2,5.855071922202427,4,3,3,4,3,1,6,6.2633982625916245,1,0.0,6.444131256700442,7.050122520269059,3,5,1,3,7.009408932708638,7.7279755421055585,4,0.6931471805599453,4,9,8,1,4,2,1999.0,3,671,3,3,3,4.890349128221754,4.060443010546419,0.0,0.0,0.0,0,2,4,2010,2,1,0.0,2.5,0,1,0,1,0,1,1,0,0,1,1,1,0,1,1,0,1,0,0,0,1,0,0,0,1,1,0,1,0,1,1,1,0,1,1,1,1,0,0,0,0,0,0,0,0,0,1,0,0,0,0,0,0,12.577639650232573
3,4.68213122712422,9.57851889529833,2,1,2,1,1,314906.5,3,2,3,9,5,2006,2007,2,2,3,2,5.755742213586912,5,3,3,5,3,3,1,0.0,1,0.0,7.660114319173927,7.660114319173927,3,5,1,3,0.0,7.660114319173927,3,0.6931471805599453,5,8,8,1,5,2,2007.0,3,732,3,3,3,4.8283137373023015,4.59511985013459,0.0,0.0,4.962844630259907,0,2,5,2007,3,2,0.0,2.5,1,1,0,1,1,0,1,1,0,1,1,1,1,0,1,0,0,0,0,0,0,0,0,0,1,1,0,0,0,1,1,1,0,1,1,0,0,0,0,0,0,1,0,0,0,0,0,0,0,0,0,0,0,12.93675402171804
3,3.555348061489413,8.529911963824013,2,1,2,1,1,314906.5,3,1,3,7,5,2007,2008,2,3,2,3,5.1179938124167546,4,3,3,4,3,1,6,6.807934943699927,1,0.0,6.018593214496233,7.181591944611865,3,5,1,3,0.0,7.181591944611865,2,0.6931471805599453,4,6,8,1,4,2,2008.0,2,626,3,3,3,5.153291594497778,4.143134726391533,0.0,0.0,0.0,0,2,4,2009,1,1,1.0,2.0,0,1,0,1,1,0,1,1,0,1,1,0,1,0,1,0,1,0,0,0,1,0,0,0,0,1,0,1,0,1,1,1,0,1,1,0,1,1,0,0,0,0,0,0,0,0,0,0,0,0,0,0,0,12.242891437918384
3,4.51085950651685,9.423756767531811,2,2,2,1,1,314906.5,3,2,3,9,5,2003,2004,2,3,2,1,0.0,4,3,3,5,3,3,6,7.150701457592526,1,0.0,6.434546518787452,7.5480289699350145,3,5,1,3,0.0,7.5730172560525455,3,0.6931471805599453,5,8,8,3,5,2,2003.0,3,708,3,3,3,5.342334251964812,5.170483995038151,0.0,0.0,0.0,0,2,11,2006,2,1,1.0,2.0,0,1,0,1,0,1,1,1,0,1,1,1,1,0,1,0,1,0,0,0,1,0,0,1,0,1,0,0,0,1,1,1,0,1,1,1,1,0,0,0,0,1,0,0,0,0,0,0,0,0,0,0,0,12.793862088206213
3,4.51085950651685,9.200391041122515,2,1,3,1,2,301500.0,3,2,4,7,5,1993,1993,2,4,2,2,5.54907608489522,4,3,3,4,3,3,6,6.895682697747867,1,0.0,5.8888779583328805,7.206377291472252,3,5,1,3,7.150701457592526,7.8811822022271025,4,0.6931471805599453,4,9,8,1,3,2,1993.0,2,656,3,3,3,5.831882477283517,4.110873864173311,4.976733742420574,0.0,0.0,0,2,4,2009,2,1,1.0,2.5,0,1,0,1,1,0,0,1,0,0,1,1,0,1,1,0,0,1,0,0,0,0,1,0,1,1,0,0,0,1,1,1,0,1,1,1,1,0,0,0,0,0,0,0,0,0,1,0,0,0,0,0,0,12.468440756144116
3,4.718498871295094,9.696463383101802,2,1,2,1,1,314906.5,3,2,4,9,5,2006,2006,2,3,2,3,5.916202062607435,3,3,3,5,4,2,1,0.0,1,0.0,7.1308988302963465,7.1308988302963465,3,5,1,3,7.206377291472252,7.862112211662747,4,0.6931471805599453,4,9,8,0,0,2,2006.0,2,840,3,3,3,5.484796933490656,5.043425116919247,0.0,0.0,0.0,0,2,9,2006,3,2,0.0,3.5,0,1,0,1,1,0,1,0,1,1,1,1,0,1,1,0,1,0,0,0,1,0,0,0,0,1,0,0,1,1,1,1,0,1,1,0,0,0,0,0,0,0,0,0,0,0,1,0,0,0,0,0,0,12.74444728628135
3,4.605170185988092,9.400960731584831,2,2,2,1,1,314906.5,3,2,4,8,5,2004,2004,2,3,2,2,5.963579343618447,4,3,3,5,3,2,6,6.878326468291325,1,0.0,5.1179938124167546,7.036148493750536,3,5,1,3,7.195187320178709,7.81156848934518,4,0.6931471805599453,4,10,8,1,4,3,2004.0,3,872,3,3,3,5.220355825078324,5.043425116919247,0.0,0.0,0.0,0,2,6,2007,2,1,1.0,2.5,0,1,0,1,0,1,1,1,0,1,1,1,0,1,1,0,1,0,0,0,1,0,0,0,1,1,0,0,1,1,1,0,0,1,1,1,1,0,0,0,0,0,0,0,0,0,1,0,0,0,0,0,0,12.777055016970678
3,4.4543472962535064,9.273878392780171,2,2,2,1,1,314906.5,3,2,3,8,5,2003,2004,2,3,2,2,5.6937321388027,4,3,3,4,3,1,6,7.0255383146385215,0,6.173786103901937,7.38025578842646,8.073091199693152,3,5,1,3,0.0,7.396335293800808,3,0.6931471805599453,4,7,8,1,4,2,2003.0,2,880,3,3,3,0.0,0.0,0.0,0.0,0.0,0,2,10,2009,2,1,1.0,2.0,0,1,0,1,0,1,1,1,0,1,1,1,1,0,1,0,1,0,0,0,1,0,0,0,1,1,0,1,0,1,1,1,0,1,1,1,1,0,0,0,0,1,0,0,0,0,0,0,0,0,0,0,0,12.556733038263905
2,4.0943445622220995,9.011767474596178,2,1,2,2,1,314906.5,3,2,3,7,5,2004,2004,2,3,2,3,4.990432586778736,4,3,3,4,3,2,6,6.580639137284948,1,0.0,6.4599044543775355,7.2145044141511425,3,5,1,3,0.0,7.2145044141511425,2,0.6931471805599453,4,6,8,1,4,2,2004.0,2,484,3,3,3,5.2626901889048865,3.4339872044851463,0.0,0.0,0.0,0,2,7,2008,2,1,1.0,2.0,0,0,1,1,1,0,1,0,0,1,1,0,1,0,1,0,1,0,0,0,1,0,0,0,0,1,0,0,1,1,1,1,0,1,1,1,1,1,0,0,0,0,0,0,0,0,0,0,0,0,0,0,0,12.240478903153713
3,4.465908118654584,9.558035114334137,2,2,4,1,1,282000.0,3,2,3,9,5,2005,2006,3,3,2,3,5.303304908059076,4,3,3,5,3,3,6,7.1308988302963465,1,0.0,6.513230110912308,7.561641745588781,3,5,1,3,0.0,7.561641745588781,3,0.6931471805599453,4,8,8,1,4,2,2005.0,3,676,3,3,3,5.187385805840755,3.951243718581428,0.0,0.0,0.0,0,2,7,2007,2,1,1.0,2.0,0,1,0,1,0,1,0,0,1,1,1,1,1,0,0,1,1,0,0,0,1,0,0,0,0,1,0,0,0,1,1,1,0,1,1,1,1,0,0,0,0,1,0,0,0,0,0,0,0,0,0,0,0,12.841132451487935
3,4.158883083359672,9.088172738001974,2,2,2,1,1,314906.5,3,2,3,9,5,2005,2005,3,4,2,2,6.424869023905388,5,3,3,5,3,1,6,3.3672958299864737,1,0.0,7.412764017426562,7.429520842786462,3,5,1,3,0.0,7.429520842786462,2,0.6931471805599453,5,6,8,1,5,2,2005.0,2,564,3,3,3,6.206575926724928,4.290459441148391,0.0,0.0,0.0,0,2,7,2008,2,1,0.0,2.0,0,1,0,1,0,1,1,1,0,1,1,0,1,0,0,1,0,0,1,0,0,1,0,0,1,1,0,1,0,1,1,1,0,1,1,1,1,1,0,0,0,0,0,0,0,0,0,0,0,0,0,0,0,12.491255347155265
3,3.610917912644224,7.803435056952168,2,1,2,1,1,314906.5,3,1,4,7,5,2003,2004,2,3,2,3,4.672828834461906,4,3,3,4,3,1,6,6.352629396319567,1,0.0,5.2574953720277815,6.639875833826536,3,5,1,3,6.760414691083428,7.394493107219037,2,0.6931471805599453,4,6,8,0,0,3,2003.0,2,474,3,3,3,0.0,3.332204510175204,0.0,0.0,0.0,0,2,10,2008,2,1,1.0,2.5,1,1,0,1,1,0,1,1,0,1,1,0,0,1,1,0,1,0,0,0,0,0,0,0,0,1,0,1,0,1,1,0,0,1,1,1,1,0,1,0,0,0,0,0,0,0,0,0,0,0,0,0,0,11.944714374881176
3,4.043051267834549,9.92485757827232,2,2,2,1,1,314906.5,3,2,4,9,5,2005,2006,3,2,3,2,6.769641976852503,5,3,3,5,3,1,6,7.2520539518528135,1,0.0,6.084499413075172,7.522400231387126,3,5,1,3,6.781057625936179,7.911690520708339,4,0.6931471805599453,5,10,8,2,5,2,2006.0,3,706,3,3,3,0.0,0.0,0.0,0.0,0.0,0,2,4,2006,3,2,1.0,2.5,1,1,0,1,0,0,1,1,0,1,1,1,0,1,0,1,0,0,0,0,0,0,0,0,1,1,0,1,0,1,1,1,0,1,1,0,0,0,0,0,0,0,0,0,0,0,1,0,0,0,0,0,0,12.988043102265232
3,4.23410650459726,8.964567702601611,2,2,2,1,1,314906.5,3,2,3,9,5,2007,2007,3,4,2,2,5.8944028342648505,5,3,3,5,3,1,1,0.0,1,0.0,7.533693709848633,7.533693709848633,3,5,1,3,0.0,7.533693709848633,2,0.6931471805599453,5,6,8,1,4,2,2007.0,2,617,3,3,3,5.351858133476067,4.007333185232471,0.0,0.0,0.0,0,2,12,2007,3,2,0.0,2.0,0,1,0,1,0,1,1,1,0,1,1,0,1,0,0,1,0,0,1,0,0,1,0,0,1,1,0,1,0,1,1,1,0,1,1,0,0,1,0,0,0,0,0,0,0,0,0,0,0,0,0,0,0,12.670001611311875
3,4.3694478524670215,9.39366142910322,2,2,2,2,1,301500.0,3,2,4,8,5,1998,1998,2,3,2,2,6.274762021241939,4,3,3,4,3,2,6,6.8638033914529535,1,0.0,4.875197323201151,6.99117688712121,3,5,1,3,6.732210706467207,7.562681246721884,3,0.6931471805599453,4,7,8,1,3,2,1998.0,2,592,3,3,3,5.342334251964812,4.330733340286331,0.0,0.0,5.9269260259704115,0,2,6,2006,2,1,1.0,2.5,0,1,0,1,0,1,1,0,0,1,1,1,0,1,1,0,1,0,0,0,1,0,0,0,1,1,0,0,1,1,1,1,0,1,1,1,1,0,0,0,0,0,0,0,0,0,1,0,0,0,0,0,0,12.54254845357358
3,4.48863636973214,9.340929941679782,2,1,2,1,1,282000.0,3,2,3,9,2,2010,2010,3,3,2,3,5.8607862234658645,4,3,3,5,3,2,6,7.276556402718709,1,0.0,6.0210233493495275,7.526717561352706,3,5,1,3,0.0,7.526717561352706,1,0.6931471805599453,5,8,8,1,5,2,2010.0,3,834,3,3,3,4.736198448394496,0.0,0.0,0.0,0.0,0,2,6,2010,3,2,1.0,1.5,0,1,0,1,1,0,1,0,1,1,1,1,1,0,0,1,1,0,0,0,1,0,0,0,0,1,0,0,1,1,1,1,0,1,1,0,0,0,0,0,0,1,0,0,0,0,0,0,0,0,0,0,0,12.885204569609954
3,4.574710978503383,9.43148192061972,2,1,2,1,1,314906.5,3,2,4,10,5,2007,2008,2,3,2,3,5.609471795184961,5,3,3,5,3,2,6,7.155396301896733,1,0.0,5.998936561946683,7.428333194190806,3,5,1,3,6.3818160174060985,7.754910272021429,3,0.6931471805599453,5,9,8,1,5,3,2008.0,3,846,3,3,3,5.2832037287379885,4.90527477843843,0.0,0.0,0.0,0,2,8,2008,3,2,1.0,2.5,0,1,0,1,1,0,1,1,0,1,1,1,0,1,1,0,1,0,0,0,1,0,0,0,0,1,0,0,1,1,1,0,0,1,1,0,0,0,0,0,0,0,0,0,0,0,1,0,0,0,0,0,0,12.962196972666593
3,4.543294782270004,9.400216653174247,2,1,2,1,1,301500.0,3,2,4,8,5,1998,1998,3,3,2,2,6.478509642208568,4,3,3,4,3,1,1,0.0,1,0.0,7.040536390215956,7.040536390215956,3,4,1,3,7.002155954403621,7.724888439323074,4,0.6931471805599453,4,10,8,1,3,3,1998.0,3,420,3,3,3,4.976733742420574,4.820281565605037,0.0,0.0,0.0,0,2,7,2006,2,1,0.0,2.5,0,1,0,1,1,0,1,0,1,1,1,1,0,1,0,1,1,0,0,0,1,0,0,0,1,1,0,1,0,1,1,0,0,1,1,1,0,0,0,0,0,0,0,0,0,0,1,0,0,0,0,0,0,12.460718739865234
3,4.700480365792417,9.557823197546,2,1,2,1,1,314906.5,3,2,4,7,5,2006,2006,2,3,2,2,5.8607862234658645,4,3,3,5,4,1,1,0.0,1,0.0,6.96979066990159,6.96979066990159,3,5,1,3,7.0048819897128585,7.683863980256429,3,0.6931471805599453,4,9,8,1,4,2,2006.0,2,947,3,3,3,5.2626901889048865,4.143134726391533,0.0,0.0,0.0,0,2,8,2007,3,2,0.0,2.5,0,1,0,1,1,0,1,0,1,1,1,1,0,1,1,0,1,0,0,0,1,0,0,0,1,1,0,1,0,1,1,1,0,1,1,0,0,0,0,0,0,0,0,0,0,0,1,0,0,0,0,0,0,12.54254845357358
3,4.394449154672439,9.12706745278236,2,1,2,1,1,301500.0,3,2,4,8,5,1998,1998,2,3,2,2,6.161207321695078,4,3,3,4,3,1,6,6.894670039433483,1,0.0,6.184148890937482,7.293697720601437,3,4,1,3,7.057036981697892,7.875119281040293,4,0.6931471805599453,4,8,8,1,3,2,1998.0,3,696,3,3,3,0.0,4.204692619390967,0.0,0.0,0.0,0,2,6,2008,2,1,1.0,2.5,0,1,0,1,1,0,1,1,0,1,1,1,0,1,1,0,1,0,0,0,1,0,0,0,1,1,0,1,0,1,1,1,0,1,1,1,1,0,0,0,0,0,0,0,0,0,1,0,0,0,0,0,0,12.660331092405903
3,4.59511985013459,9.343909263897595,2,2,2,1,1,314906.5,3,2,3,8,5,2006,2006,2,3,2,3,5.5174528964647065,4,3,3,4,3,1,1,0.0,1,0.0,7.394493107219037,7.394493107219037,3,5,1,3,0.0,7.399398083331354,3,0.6931471805599453,4,7,8,1,4,2,2006.0,2,866,3,3,3,0.0,3.80666248977032,0.0,0.0,0.0,0,2,5,2007,2,1,0.0,2.0,0,1,0,1,0,1,1,1,0,1,1,1,1,0,1,0,1,0,0,0,1,0,0,0,0,1,0,1,0,1,1,1,0,1,1,1,1,0,0,0,0,1,0,0,0,0,0,0,0,0,0,0,0,12.429220196836386
3,4.709530201312334,9.614337736809311,2,2,2,1,1,314906.5,3,2,3,8,5,2006,2007,2,3,2,2,5.720311776607412,4,3,3,5,3,3,6,7.208600337960199,1,0.0,6.440946540632922,7.589335823170616,3,5,1,3,0.0,7.589335823170616,2,0.6931471805599453,4,7,8,1,5,2,2006.0,2,908,3,3,3,5.525452939131784,4.158883083359672,0.0,0.0,0.0,0,2,7,2007,3,2,1.0,2.0,0,1,0,1,0,1,1,1,0,1,1,1,1,0,1,0,1,0,0,0,1,0,0,0,1,1,0,0,0,1,1,1,0,1,1,0,0,0,0,0,0,1,0,0,0,0,0,0,0,0,0,0,0,12.994532278619134
3,3.737669618283368,8.581294116822761,2,1,2,1,1,282000.0,3,2,3,8,5,2000,2000,2,2,3,1,0.0,4,3,3,4,3,2,6,7.087573705557972,1,0.0,5.700443573390688,7.309881485824786,3,5,1,3,0.0,7.410347097821023,2,0.6931471805599453,5,6,8,0,0,2,2000.0,2,499,3,3,3,4.574710978503383,3.8918202981106265,0.0,0.0,0.0,0,2,8,2007,2,1,1.0,2.0,1,1,0,1,1,0,1,1,0,1,1,0,1,0,1,0,0,0,0,0,0,0,0,1,0,1,0,0,1,1,1,1,0,1,1,1,1,1,0,0,0,0,0,0,0,0,0,0,0,0,0,0,0,12.433212202169726
3,4.663439094112067,9.524713059681007,2,1,2,1,1,314906.5,3,2,4,9,5,2006,2006,3,3,2,2,6.650279048587422,5,3,3,4,3,2,1,0.0,1,0.0,7.675081857716334,7.675081857716334,3,5,1,3,6.354370040797352,7.8800482009715775,3,0.6931471805599453,5,9,8,1,4,3,2006.0,3,694,3,3,3,6.028278520230697,4.442651256490317,0.0,0.0,0.0,0,2,3,2007,2,1,0.0,2.5,0,1,0,1,1,0,1,1,0,1,1,1,0,1,0,1,1,0,0,0,1,0,0,0,1,1,0,0,1,1,1,0,0,1,1,1,1,0,0,0,0,0,0,0,0,0,1,0,0,0,0,0,0,12.847929163278053
3,4.59511985013459,9.682466746602897,2,2,2,1,1,314906.5,3,2,3,9,5,2004,2005,3,3,2,2,5.937536205082426,4,3,3,5,3,3,6,7.140453043101157,1,0.0,6.35088571671474,7.51425465281641,3,5,1,3,0.0,7.523481312573497,3,0.6931471805599453,4,8,8,1,4,2,2004.0,3,772,3,3,3,6.253828811575472,4.727387818712341,0.0,0.0,0.0,0,2,3,2006,2,1,1.0,2.0,0,1,0,1,0,1,1,0,0,1,1,1,1,0,0,1,1,0,0,0,1,0,0,0,1,1,0,0,0,1,1,1,0,1,1,1,1,0,0,0,0,1,0,0,0,0,0,0,0,0,0,0,0,12.694655727828806
3,4.290459441148391,9.37982994995476,2,2,4,1,1,314906.5,3,2,3,9,5,2003,2004,3,3,2,2,6.3332796281396915,4,3,3,5,3,3,6,7.357556200910352,1,0.0,5.420534999272285,7.491645473605133,3,5,1,3,0.0,7.491645473605133,2,0.6931471805599453,5,6,8,1,4,2,2003.0,3,874,3,3,3,5.332718793265369,3.912023005428147,0.0,0.0,0.0,0,2,8,2006,2,1,1.0,2.0,0,1,0,1,0,1,0,1,0,1,1,1,1,0,0,1,1,0,0,0,1,0,0,0,1,1,0,0,0,1,1,1,0,1,1,1,1,0,0,0,0,1,0,0,0,0,0,0,0,0,0,0,0,12.832013750189883
3,4.248495242049359,9.448805939388178,2,2,2,1,1,301500.0,3,2,3,8,5,1992,1993,3,1,2,1,0.0,4,3,3,4,3,1,6,7.116394144093465,1,0.0,7.585788821732034,8.071218539969863,3,5,1,3,0.0,8.079927770758276,4,0.6931471805599453,4,10,8,1,4,2,1992.0,2,546,3,3,3,5.579729825986222,4.330733340286331,5.676753802268282,0.0,0.0,0,2,5,2007,2,1,1.0,3.0,0,1,0,1,0,1,1,1,0,1,1,1,1,0,0,1,0,0,0,0,0,0,0,1,0,1,0,1,0,1,1,1,0,1,1,1,1,0,0,0,0,1,0,0,0,0,0,0,0,0,0,0,0,12.971542813248437
3,3.7135720667043084,8.823647949191303,2,2,2,1,1,314906.5,3,2,3,7,5,2005,2006,2,3,2,3,4.553876891600541,4,3,3,4,3,1,1,0.0,1,0.0,7.22183582528845,7.22183582528845,3,5,1,3,0.0,7.22183582528845,2,0.6931471805599453,4,6,8,1,4,2,2005.0,2,474,3,3,3,4.890349128221754,3.58351893845611,0.0,0.0,0.0,0,2,3,2006,3,2,0.0,2.0,0,1,0,1,0,1,1,1,0,1,1,0,1,0,1,0,1,0,0,0,1,0,0,0,0,1,0,1,0,1,1,1,0,1,1,0,0,1,0,0,0,0,0,0,0,0,0,0,0,0,0,0,0,12.219314582801099
3,4.553876891600541,9.410911062438,2,1,2,1,1,314906.5,3,2,3,10,5,2009,2009,3,2,3,2,5.723585101952382,5,3,1,5,3,1,6,7.270312886079025,1,0.0,6.3473892096560105,7.604396348796338,3,5,1,3,0.0,7.611347717403621,3,0.6931471805599453,5,9,8,1,4,2,2009.0,3,900,3,3,3,5.056245805348309,4.007333185232471,0.0,0.0,0.0,0,2,9,2009,3,2,1.0,2.5,1,1,0,1,1,0,1,1,0,1,1,1,1,0,0,1,0,0,0,0,0,0,0,0,1,0,1,1,0,1,1,1,0,1,1,0,0,0,0,0,0,1,0,0,0,0,0,0,0,0,0,0,0,12.906349350523891
3,4.382026634673881,9.231024963169016,2,2,2,1,1,301500.0,3,2,4,7,5,1996,1997,2,3,2,2,6.826545223556594,4,3,3,4,3,1,1,0.0,1,0.0,7.142827401161621,7.142827401161621,3,5,1,3,6.9735430195201396,7.76004068088038,3,0.6931471805599453,4,7,8,1,3,2,1996.0,2,889,3,3,3,5.3981627015177525,0.0,0.0,0.0,0.0,0,2,7,2009,2,1,0.0,2.5,0,1,0,1,0,1,1,1,0,1,1,1,0,1,1,0,1,0,0,0,1,0,0,0,1,1,0,1,0,1,1,1,0,1,1,1,1,0,0,0,0,0,0,0,0,0,1,0,0,0,0,0,0,12.487488878546145
3,4.564348191467836,9.374837343857584,2,2,2,1,1,301500.0,3,2,4,7,5,1996,1997,2,3,2,2,6.38856140554563,4,3,3,4,3,1,6,6.579251212010101,1,0.0,6.493753839851687,7.22983877815125,3,5,1,3,6.923628628138427,7.782807262839695,3,0.6931471805599453,4,8,8,1,3,2,1996.0,3,834,3,3,3,5.48063892334199,4.110873864173311,0.0,0.0,0.0,0,2,8,2007,2,1,1.0,2.5,0,1,0,1,0,1,1,1,0,1,1,1,0,1,1,0,1,0,0,0,1,0,0,0,1,1,0,1,0,1,1,1,0,1,1,1,1,0,0,0,0,0,0,0,0,0,1,0,0,0,0,0,0,12.662709207270273
3,4.219507705176107,9.612399686949514,2,2,2,1,1,314906.5,3,2,4,9,5,2008,2008,3,3,2,3,5.594711379601838,5,3,3,5,3,2,6,7.193685818395113,1,0.0,4.812184355372417,7.281385663570282,3,5,1,3,7.121252453244543,7.906178840394815,3,0.6931471805599453,5,11,8,1,4,2,2008.0,3,858,3,3,3,4.84418708645859,4.204692619390967,0.0,0.0,0.0,0,2,11,2008,3,2,1.0,2.5,0,1,0,1,0,1,1,1,0,1,1,1,0,1,0,1,1,0,0,0,1,0,0,0,0,1,0,0,1,1,1,1,0,1,1,0,0,0,0,0,0,0,0,0,0,0,1,0,0,0,0,0,0,13.00866150247074
3,4.248495242049359,9.305741456739435,2,1,2,1,1,301500.0,3,2,4,8,5,2000,2000,2,3,2,2,4.290459441148391,4,3,3,4,3,1,1,0.0,1,0.0,6.877296071497429,6.877296071497429,3,5,1,3,7.161622002939187,7.734558844354756,4,0.6931471805599453,4,8,8,1,3,3,2000.0,3,648,3,3,3,0.0,4.043051267834549,0.0,0.0,0.0,0,2,6,2007,2,1,0.0,2.5,0,1,0,1,1,0,1,0,0,1,1,1,0,1,1,0,1,0,0,0,1,0,0,0,1,1,0,1,0,1,1,0,0,1,1,1,1,0,0,0,0,0,0,0,0,0,1,0,0,0,0,0,0,12.421188057397055
3,4.477336814478207,9.318925682389622,2,2,2,1,1,314906.5,3,2,3,8,5,2006,2006,2,3,2,3,5.525452939131784,4,3,3,5,3,2,1,0.0,1,0.0,7.444248649496705,7.444248649496705,3,5,1,3,0.0,7.4489161025442,3,0.6931471805599453,4,7,8,1,4,2,2006.0,2,908,3,3,3,5.135798437050261,3.688879454113936,0.0,0.0,0.0,0,2,7,2009,2,1,0.0,2.0,0,1,0,1,0,1,1,1,0,1,1,1,1,0,1,0,1,0,0,0,1,0,0,0,0,1,0,0,1,1,1,1,0,1,1,1,1,0,0,0,0,1,0,0,0,0,0,0,0,0,0,0,0,12.45098160251256
3,4.4543472962535064,9.271059107010887,2,1,2,1,1,314906.5,3,2,4,7,5,2003,2004,2,3,2,2,5.680172609017067,4,3,3,4,3,1,6,6.765038976780541,1,0.0,4.890349128221754,6.906754778648554,3,5,1,3,6.947937068614969,7.624130585661288,3,0.6931471805599453,4,8,8,1,4,3,2003.0,2,871,3,3,3,5.771441123130017,4.143134726391533,0.0,0.0,0.0,0,2,8,2008,2,1,1.0,2.5,0,1,0,1,1,0,1,1,0,1,1,1,0,1,1,0,1,0,0,0,1,0,0,0,1,1,0,1,0,1,1,0,0,1,1,1,1,0,0,0,0,0,0,0,0,0,1,0,0,0,0,0,0,12.556733038263905
3,4.248495242049359,9.499046919474152,2,2,2,2,1,301500.0,3,2,4,7,5,1992,2000,2,4,2,1,0.0,4,3,3,4,3,1,6,6.591673732008657,1,0.0,5.908082938168932,6.99942246750796,3,5,1,3,7.029972911706387,7.738923757439458,4,0.6931471805599453,4,9,8,1,3,2,1992.0,2,590,3,3,3,0.0,3.7135720667043084,0.0,0.0,0.0,0,2,7,2006,2,1,1.0,2.5,0,1,0,1,0,1,1,0,0,1,1,1,0,1,1,0,0,1,0,0,0,0,1,1,0,1,0,1,0,1,1,1,0,1,1,1,1,0,0,0,0,0,0,0,0,0,1,0,0,0,0,0,0,12.498745990829315
3,4.356708826689592,9.323579767582693,2,2,2,1,1,282000.0,3,2,4,9,5,2005,2007,3,3,2,2,5.5053315359323625,4,3,3,4,4,1,1,0.0,1,0.0,7.023758954738443,7.023758954738443,3,5,1,3,7.223295679562313,7.826044013518965,4,0.6931471805599453,5,11,8,1,4,3,2005.0,3,656,3,3,3,4.976733742420574,3.688879454113936,0.0,0.0,0.0,0,2,6,2008,2,1,0.0,2.5,0,1,0,1,0,1,1,1,0,1,1,1,0,1,0,1,1,0,0,0,1,0,0,0,1,1,0,1,0,1,1,0,0,1,1,1,1,0,0,0,0,0,0,0,0,0,1,0,0,0,0,0,0,12.691583538230214
3,4.262679877041316,9.227394126542011,2,2,2,1,1,314906.5,3,2,3,7,5,2004,2004,2,3,2,2,5.1298987149230735,4,3,3,4,3,1,6,1.0986122886681098,1,0.0,7.323830566202317,7.325148957955575,3,5,1,3,0.0,7.336936913707618,3,0.6931471805599453,4,7,8,0,0,2,2004.0,2,532,3,3,3,0.0,0.0,0.0,0.0,0.0,0,2,3,2010,2,1,0.0,2.0,0,1,0,1,0,1,1,1,0,1,1,1,1,0,1,0,1,0,0,0,1,0,0,0,1,1,0,1,0,1,1,1,0,1,1,1,1,0,0,0,0,1,0,0,0,0,0,0,0,0,0,0,0,12.273735966890268
3,4.59511985013459,9.449750895754264,2,1,2,1,1,314906.5,3,2,3,8,5,2008,2009,3,3,2,2,5.726847747587197,5,3,3,5,3,1,1,0.0,1,0.0,7.622174594817622,7.622174594817622,3,5,1,3,0.0,7.622174594817622,3,0.6931471805599453,5,8,8,1,4,2,2009.0,2,1390,3,3,3,0.0,4.51085950651685,0.0,0.0,0.0,0,2,8,2009,3,2,0.0,2.5,0,1,0,1,1,0,1,1,0,1,1,1,1,0,0,1,1,0,0,0,1,0,0,0,1,1,0,1,0,1,1,1,0,1,1,0,0,0,0,0,0,1,0,0,0,0,0,0,0,0,0,0,0,12.442306148381936
3,4.584967478670572,9.508888197738267,2,2,2,1,1,314906.5,3,2,4,10,5,2008,2008,2,2,3,3,6.042632833682381,5,3,3,5,3,3,6,7.199678345691173,1,0.0,5.9532433342877855,7.45182223652793,3,5,1,3,6.343880434126331,7.739359202689098,3,0.6931471805599453,5,10,8,1,4,3,2008.0,2,842,3,3,3,5.948034989180646,5.616771097666573,0.0,0.0,0.0,0,2,6,2009,1,1,1.0,2.5,1,1,0,1,0,1,1,0,1,1,1,1,0,1,1,0,0,0,0,0,0,0,0,0,0,1,0,0,0,1,1,0,0,1,1,0,1,0,0,0,0,0,0,0,0,0,1,0,0,0,0,0,0,13.02132904585825
3,4.248495242049359,9.33282345619073,2,2,2,1,1,282000.0,3,2,3,8,5,2005,2006,2,3,4,2,5.476463551931511,4,3,3,4,3,3,6,7.260522598089852,1,0.0,5.973809611869261,7.503840746698952,3,5,1,3,0.0,7.510430556378005,3,0.6931471805599453,4,7,8,1,3,2,2005.0,3,758,3,3,3,5.198497031265826,4.330733340286331,0.0,0.0,4.795790545596741,0,2,8,2006,3,2,1.0,2.0,1,1,0,1,0,1,1,1,0,1,1,1,1,0,1,0,1,0,0,0,0,0,0,0,1,1,0,0,0,1,1,1,0,1,1,0,0,0,0,0,0,1,0,0,0,0,0,0,0,0,0,0,0,12.672949516558305
3,4.31748811353631,9.299083581810569,2,1,2,1,1,314906.5,3,2,4,8,5,2005,2005,2,3,2,2,5.638354669333745,4,3,3,4,3,2,6,6.304448802421981,1,0.0,6.2402758451707685,6.965080345601407,3,5,1,3,6.741700694652054,7.552237287560803,3,0.6931471805599453,5,8,8,1,4,3,2003.0,3,736,3,3,3,5.1929568508902095,4.110873864173311,0.0,0.0,0.0,0,2,6,2006,2,1,1.0,2.5,0,1,0,1,1,0,1,1,0,1,1,1,0,1,1,0,1,0,0,0,1,0,0,0,1,1,0,0,1,1,1,0,0,1,1,1,1,0,0,0,0,0,0,0,0,0,1,0,0,0,0,0,0,12.524530013005734
3,4.51085950651685,9.36691667901828,2,1,2,1,1,314906.5,3,2,3,9,5,2007,2007,3,2,3,2,6.115892125483033,5,3,3,5,3,2,6,3.8918202981106265,1,0.0,7.4815557019095165,7.508238774678662,3,5,1,3,0.0,7.511524648390867,3,0.6931471805599453,4,9,8,1,4,2,2007.0,1,774,3,3,3,0.0,4.691347882229144,0.0,0.0,5.564520407322693,0,2,7,2007,3,2,0.0,2.0,1,1,0,1,1,0,1,1,0,1,1,1,1,0,0,1,0,0,0,0,0,0,0,0,1,1,0,0,1,1,1,1,0,1,1,0,0,0,0,0,0,1,0,0,0,0,0,0,0,0,0,0,0,12.659737267217572
3,3.555348061489413,8.431853144249223,2,1,2,1,1,314906.5,3,1,3,8,5,2006,2006,2,3,2,3,4.691347882229144,4,3,3,4,4,2,6,3.218875824868201,1,0.0,7.333676395657684,7.3492308246133335,3,5,1,3,0.0,7.3492308246133335,2,0.6931471805599453,4,6,8,1,4,2,2006.0,2,627,3,3,3,5.056245805348309,4.30406509320417,0.0,0.0,0.0,0,2,8,2007,2,1,0.0,2.0,0,1,0,1,1,0,1,1,0,1,1,0,1,0,1,0,1,0,0,0,1,0,0,0,0,1,0,0,0,1,1,1,0,1,1,1,1,1,0,0,0,0,0,0,0,0,0,0,0,0,0,0,0,12.252483791602625
3,4.143134726391533,9.447623486844114,2,2,2,1,1,314906.5,3,2,3,8,5,2003,2004,3,4,2,2,6.159095388491932,5,3,3,5,3,3,6,7.105786129481271,1,0.0,5.7071102647488745,7.325807502595773,3,5,1,3,0.0,7.325807502595773,1,0.6931471805599453,5,6,8,1,4,2,2003.0,2,588,3,3,3,5.225746673713202,4.948759890378168,0.0,0.0,0.0,0,2,4,2008,2,1,0.0,1.5,0,1,0,1,0,1,1,1,0,1,1,0,1,0,0,1,0,0,1,0,0,1,0,0,1,1,0,0,0,1,1,1,0,1,1,1,1,1,0,0,0,0,0,0,0,0,0,0,0,0,0,0,0,12.520887034998585
3,4.5217885770490405,9.25320827220336,2,2,2,1,1,301500.0,3,2,3,8,6,1995,1995,3,4,2,2,6.493753839851687,4,4,3,4,3,3,6,7.4366172652342275,1,0.0,6.025865973825314,7.654443226470112,3,5,1,3,0.0,7.656337166430182,2,0.6931471805599453,4,7,8,1,3,2,1995.0,3,839,3,3,3,5.468060141135132,3.8501476017100575,0.0,0.0,0.0,0,2,8,2008,2,1,1.0,2.5,0,1,0,1,0,1,1,1,0,1,1,1,1,0,0,1,0,0,1,0,0,1,0,0,1,1,0,0,0,1,1,1,0,1,1,1,1,0,0,0,0,1,0,0,0,0,0,0,0,0,0,0,0,12.765691290604373
3,3.970291913552122,10.749141204810842,2,2,2,2,1,301500.0,3,2,4,8,7,1994,2005,3,3,2,2,6.2709884318582985,4,3,3,4,4,1,6,7.2167094867094566,3,5.198497031265826,4.48863636973214,7.396335293800808,3,5,1,3,6.637258031284458,7.803435056952168,4,0.6931471805599453,4,8,8,1,3,2,1994.0,2,711,3,3,3,6.249975242259482,4.343805421853683,0.0,0.0,0.0,0,2,7,2009,2,1,1.0,2.5,0,1,0,1,0,0,1,0,0,1,1,1,0,1,0,1,1,0,0,0,1,0,0,0,1,1,0,1,0,1,1,1,0,1,1,1,1,0,0,0,0,0,0,0,0,0,1,0,0,0,0,0,0,12.904209855160255
3,4.394449154672439,9.379661116592883,2,2,2,1,1,282000.0,3,2,3,8,5,2008,2008,3,3,2,3,6.142037405587356,4,3,3,5,3,2,1,0.0,1,0.0,7.624130585661288,7.624130585661288,3,5,1,3,0.0,7.624130585661288,3,0.6931471805599453,4,7,8,1,4,2,2008.0,3,834,3,3,3,5.777652323222656,4.418840607796597,0.0,0.0,0.0,0,2,7,2009,3,2,0.0,2.5,0,1,0,1,0,1,1,1,0,1,1,1,1,0,0,1,1,0,0,0,1,0,0,0,0,1,0,0,0,1,1,1,0,1,1,0,0,0,0,0,0,1,0,0,0,0,0,0,0,0,0,0,0,12.827995001361904
3,4.07753744390572,9.727406483331627,2,2,2,2,1,301500.0,3,2,4,7,5,1998,1998,2,3,2,2,3.4339872044851463,4,3,3,4,3,1,1,0.0,1,0.0,7.086737934510577,7.086737934510577,3,4,1,3,6.4692503167957724,7.517520850603031,4,0.6931471805599453,3,7,8,0,0,2,1998.0,3,486,3,3,3,0.0,4.4067192472642525,0.0,0.0,0.0,0,2,6,2010,2,1,0.0,2.5,0,1,0,1,0,0,1,0,0,1,1,1,0,1,1,0,1,0,0,0,1,0,0,0,1,1,0,1,0,1,1,1,0,1,1,1,1,0,0,0,0,0,0,0,0,0,1,0,0,0,0,0,0,12.305922505376529
3,4.248495242049359,8.52971447196991,2,2,2,2,1,282000.0,3,2,4,7,5,1984,1984,2,4,2,1,0.0,4,3,1,4,3,2,6,6.720220155135295,2,5.2094861528414205,5.198497031265826,7.0825485693553,3,4,1,3,6.803505257608338,7.645397699428632,3,0.6931471805599453,4,6,7,1,3,2,1984.0,3,577,3,3,3,5.393627546352363,0.0,0.0,0.0,0.0,0,2,9,2007,2,1,1.0,2.0,0,1,0,1,0,1,1,0,0,1,1,0,0,1,1,0,0,1,0,0,0,0,1,1,0,0,1,0,0,1,1,1,0,1,1,1,1,0,1,0,0,0,0,0,0,0,0,0,0,0,0,0,0,12.242891437918384
3,4.110873864173311,8.998384010052536,2,1,4,1,1,282000.0,3,2,3,8,6,2007,2007,2,4,2,2,0.0,4,3,3,4,3,2,6,6.852242569051879,1,0.0,6.163314804034642,7.258412150595308,3,5,1,3,0.0,7.258412150595308,2,0.6931471805599453,4,7,8,1,4,2,2007.0,2,567,3,3,3,4.948759890378168,0.0,0.0,0.0,0.0,0,2,10,2007,3,2,1.0,2.0,0,1,0,1,1,0,0,1,0,1,1,1,1,0,1,0,0,0,1,0,0,1,0,0,1,1,0,0,1,1,1,1,0,1,1,0,0,0,0,0,0,1,0,0,0,0,0,0,0,0,0,0,0,12.879019669789756
3,4.127134385045092,8.933004591578547,2,2,2,1,1,314906.5,3,2,3,6,5,2005,2006,2,3,2,3,5.54907608489522,4,3,3,4,3,2,5,3.0445224377234235,1,0.0,7.202661196523238,7.217443431696532,3,5,1,3,0.0,7.217443431696532,2,0.6931471805599453,4,6,8,1,4,2,2005.0,2,460,3,3,3,5.2626901889048865,3.3672958299864737,0.0,0.0,0.0,0,2,6,2007,2,1,0.0,2.0,0,1,0,1,0,1,1,0,1,1,1,0,1,0,1,0,1,0,0,0,1,0,0,0,0,1,0,0,1,1,1,1,0,1,1,1,1,1,0,0,0,0,0,0,0,0,0,0,0,0,0,0,0,12.179220327453933
3,4.653960350157523,9.977481232444454,2,2,2,1,1,301500.0,3,2,4,10,6,1994,1995,2,4,2,2,7.065613363597717,5,3,3,5,3,3,6,7.2834482287566304,1,0.0,6.8977049431286375,7.801800401908972,3,5,1,3,7.535296702444088,8.370315995555478,4,0.6931471805599453,5,10,8,2,5,2,1994.0,3,832,3,3,3,5.948034989180646,3.9318256327243257,0.0,0.0,0.0,0,2,1,2007,2,1,0.5,3.5,0,1,0,1,0,1,1,0,1,1,1,1,0,1,1,0,0,1,0,0,0,0,1,0,1,1,0,0,0,1,1,1,0,1,1,1,1,0,0,0,0,0,0,0,0,0,1,0,0,0,0,0,0,13.534474352733595
3,4.418840607796597,9.428591977209962,2,2,2,1,1,282000.0,3,2,4,8,5,2006,2006,3,3,2,2,6.1463292576688975,5,3,3,5,4,1,1,0.0,1,0.0,7.118826249062077,7.118826249062077,3,5,1,3,7.180069874302796,7.854381210652366,4,0.6931471805599453,5,10,8,1,4,3,2006.0,3,666,3,3,3,5.783825182329737,4.61512051684126,0.0,0.0,0.0,0,2,7,2006,3,2,0.0,2.5,0,1,0,1,0,1,1,1,0,1,1,1,0,1,0,1,1,0,0,0,1,0,0,0,1,1,0,1,0,1,1,0,0,1,1,0,0,0,0,0,0,0,0,0,0,0,1,0,0,0,0,0,0,12.799178471909892
3,3.8918202981106265,8.738895704934043,2,1,2,1,1,314906.5,3,2,3,8,5,2006,2006,3,4,2,2,5.17614973257383,4,3,3,4,3,1,6,6.761572768804054,1,0.0,6.135564891081739,7.1891677384203225,3,5,1,3,0.0,7.1891677384203225,2,0.6931471805599453,4,6,8,1,4,2,2006.0,3,550,3,3,3,5.2626901889048865,3.6635616461296463,0.0,0.0,0.0,0,2,12,2009,2,1,1.0,2.0,0,1,0,1,1,0,1,1,0,1,1,0,1,0,0,1,0,0,1,0,0,1,0,0,1,1,0,1,0,1,1,1,0,1,1,1,1,1,0,0,0,0,0,0,0,0,0,0,0,0,0,0,0,12.445093483000797
3,3.7135720667043084,8.449342524508063,2,2,4,1,1,282000.0,3,2,3,8,5,1988,1989,2,4,2,1,0.0,4,3,3,4,3,2,6,6.643789733147672,1,0.0,6.135564891081739,7.113956109566034,3,4,1,3,0.0,7.113956109566034,2,0.6931471805599453,4,5,8,1,4,2,1988.0,3,472,3,3,3,5.1298987149230735,4.795790545596741,0.0,0.0,0.0,0,2,10,2008,2,1,1.0,2.0,0,1,0,1,0,1,0,1,0,1,1,0,1,0,1,0,0,1,0,0,0,0,1,1,0,1,0,0,0,1,1,1,0,1,1,1,1,1,0,0,0,0,0,0,0,0,0,0,0,0,0,0,0,12.149507585033074
3,4.574710978503383,9.26321741157695,2,1,2,1,1,301500.0,3,2,4,7,5,1993,1994,3,4,2,2,6.480044561926652,4,3,3,4,3,3,6,7.068172000388043,1,0.0,4.934473933130692,7.179307969504035,3,5,1,3,6.997595982981927,7.791109510610028,3,0.6931471805599453,4,9,8,1,3,2,1993.0,2,983,3,3,3,5.525452939131784,5.043425116919247,5.37989735354046,0.0,0.0,0,2,8,2008,2,1,1.0,2.5,1,1,0,1,1,0,1,1,0,1,1,1,0,1,0,1,0,0,0,1,0,0,0,0,1,1,0,0,0,1,1,1,0,1,1,1,1,0,0,0,0,0,0,0,0,0,1,0,0,0,0,0,0,12.739640688812676
3,4.248495242049359,8.789355452209984,2,2,3,2,2,282000.0,3,2,3,8,5,1985,1985,2,4,2,1,0.0,4,3,3,4,3,3,6,7.0466472778487566,1,0.0,6.38856140554563,7.463363045520022,3,3,1,3,0.0,7.463363045520022,2,0.6931471805599453,4,5,8,1,3,2,1985.0,2,564,3,3,3,4.74493212836325,3.3672958299864737,5.45958551414416,0.0,0.0,0,2,12,2006,2,1,1.0,2.0,0,1,0,1,0,1,0,0,0,0,1,1,1,0,1,0,0,1,0,0,0,0,1,1,0,1,0,0,0,1,1,1,0,1,1,1,1,1,0,0,0,0,0,0,0,0,0,0,0,0,0,0,0,12.524530013005734
3,3.688879454113936,8.592300663903043,2,2,2,1,1,282000.0,3,2,3,8,5,1995,1996,2,2,3,1,0.0,4,3,3,4,3,1,6,7.074116816197362,1,0.0,6.030685260261262,7.375255778009754,3,5,1,3,0.0,7.388327859577108,2,0.6931471805599453,4,5,8,1,3,2,1995.0,2,608,3,3,3,5.472270673671474,5.030437921392434,0.0,0.0,0.0,0,2,3,2010,2,1,1.0,2.0,1,1,0,1,0,1,1,1,0,1,1,0,1,0,1,0,0,0,0,0,0,0,0,1,0,1,0,1,0,1,1,1,0,1,1,1,1,1,0,0,0,0,0,0,0,0,0,0,0,0,0,0,0,12.373707715234994
3,3.737669618283368,8.593413217327646,2,2,4,1,1,282000.0,3,2,3,8,5,1993,1993,2,4,2,1,0.0,4,3,3,4,3,1,6,6.598509028614515,1,0.0,6.405228458030843,7.1989312406881725,3,4,1,3,0.0,7.1989312406881725,2,0.6931471805599453,4,5,8,1,3,2,1993.0,2,462,3,3,3,4.574710978503383,0.0,4.262679877041316,5.1298987149230735,0.0,0,2,10,2008,2,1,1.0,2.0,0,1,0,1,0,1,0,1,0,1,1,0,1,0,1,0,0,1,0,0,0,0,1,1,0,1,0,1,0,1,1,1,0,1,1,1,1,1,0,0,0,0,0,0,0,0,0,0,0,0,0,0,0,12.100717685412473
3,4.0943445622220995,9.268043082104473,2,2,2,1,1,301500.0,3,2,3,7,5,1996,1996,3,3,2,2,5.82600010738045,4,3,3,4,3,1,6,6.8243736700430855,1,0.0,6.687108607866515,7.450660796211539,3,5,1,3,0.0,7.450660796211539,3,0.6931471805599453,4,7,8,1,3,2,1996.0,3,527,3,3,3,5.484796933490656,4.043051267834549,5.043425116919247,0.0,0.0,0,2,3,2010,2,1,1.0,2.0,0,1,0,1,0,1,1,1,0,1,1,1,1,0,0,1,1,0,0,0,1,0,0,0,1,1,0,1,0,1,1,1,0,1,1,1,1,0,0,0,0,1,0,0,0,0,0,0,0,0,0,0,0,12.469978029554953
3,4.394449154672439,9.234154550075438,2,1,2,1,1,314906.5,3,2,4,8,5,2005,2005,2,3,2,2,5.187385805840755,4,3,3,4,3,2,1,0.0,1,0.0,6.938284484016959,6.938284484016959,3,4,1,3,6.966967138613982,7.649216319820633,3,0.6931471805599453,5,8,8,1,4,2,2005.0,2,878,3,3,3,5.2626901889048865,3.970291913552122,0.0,0.0,0.0,0,2,3,2006,2,1,0.0,2.5,0,1,0,1,1,0,1,1,0,1,1,1,0,1,1,0,1,0,0,0,1,0,0,0,1,1,0,0,0,1,1,1,0,1,1,1,1,0,0,0,0,0,0,0,0,0,1,0,0,0,0,0,0,12.526346537332586
3,4.189654742026425,9.413934064045677,2,2,2,1,1,301500.0,3,2,4,8,5,1995,1995,2,3,2,2,6.2422232654551655,4,3,3,4,3,2,2,4.043051267834549,5,4.174387269895637,7.089243155027513,7.1846291527173145,3,5,1,3,7.093404625868766,7.8367647832640674,4,0.6931471805599453,4,9,8,1,3,2,1995.0,2,752,3,3,3,5.40717177146012,4.59511985013459,0.0,0.0,0.0,0,2,11,2007,2,1,0.0,2.5,0,1,0,1,0,1,1,1,0,1,1,1,0,1,1,0,1,0,0,0,1,0,0,0,1,1,0,0,1,1,1,1,0,1,1,1,1,0,0,0,0,0,0,0,0,0,1,0,0,0,0,0,0,12.577639650232573
3,4.418840607796597,9.151757414543882,2,1,2,1,1,301500.0,3,2,4,8,5,1999,1999,2,3,2,2,6.513230110912308,4,3,3,4,3,2,6,7.059617628291383,1,0.0,4.499809670330264,7.1332959548960675,3,5,1,3,7.001245622069477,7.768956044538332,3,0.6931471805599453,4,8,8,1,4,2,1999.0,2,856,3,3,3,0.0,4.859812404361672,0.0,0.0,5.198497031265826,0,2,7,2009,2,1,1.0,2.5,0,1,0,1,1,0,1,1,0,1,1,1,0,1,1,0,1,0,0,0,1,0,0,0,1,1,0,0,0,1,1,1,0,1,1,1,1,0,0,0,0,0,0,0,0,0,1,0,0,0,0,0,0,12.727841176689148
3,3.8712010109078916,10.887530386461101,2,2,4,2,2,282000.0,3,2,4,8,5,2003,2003,3,2,2,2,6.403574197934816,5,3,3,4,3,3,5,7.2562972396906815,1,0.0,5.45958551414416,7.409136443920128,3,5,1,3,7.371489295214277,8.09559870137819,4,0.6931471805599453,5,12,5,1,4,3,2003.0,3,841,3,3,3,6.222576268071369,3.610917912644224,0.0,0.0,5.351858133476067,0,2,6,2010,2,1,1.0,3.5,1,1,0,1,0,0,0,0,0,0,1,1,0,1,0,1,0,0,0,0,0,0,0,0,1,1,0,0,0,1,1,0,0,1,1,1,1,0,0,0,0,0,0,0,0,0,1,0,0,0,0,0,0,13.195615697878251
3,4.709530201312334,9.562896846651167,2,1,2,1,1,314906.5,3,2,3,8,5,2006,2006,3,3,2,2,5.929589143389895,4,3,3,4,3,2,1,0.0,1,0.0,7.568379267836523,7.568379267836523,3,4,1,3,0.0,7.587817219993428,3,0.6931471805599453,4,9,8,1,4,2,2006.0,3,895,3,3,3,5.755742213586912,3.828641396489095,0.0,0.0,0.0,0,2,7,2007,3,2,0.0,2.0,0,1,0,1,1,0,1,0,1,1,1,1,1,0,0,1,1,0,0,0,1,0,0,0,1,1,0,0,1,1,1,1,0,1,1,0,0,0,0,0,0,1,0,0,0,0,0,0,0,0,0,0,0,12.886643575525625
3,4.532599493153255,9.202409001649904,2,2,2,2,1,301500.0,3,2,4,7,5,1996,1997,2,4,2,1,0.0,4,3,3,4,3,2,6,6.760414691083428,1,0.0,5.545177444479562,7.0192966537150445,3,5,1,3,6.787844982309578,7.607878073278508,3,0.6931471805599453,3,8,8,1,3,2,1997.0,1,455,3,3,3,5.198497031265826,4.875197323201151,0.0,0.0,0.0,0,2,6,2007,2,1,1.0,2.5,0,1,0,1,0,1,1,0,0,1,1,1,0,1,1,0,0,0,1,0,0,1,0,1,0,1,0,0,1,1,1,1,0,1,1,1,1,0,0,0,0,0,0,0,0,0,1,0,0,0,0,0,0,12.505402864156403
3,4.653960350157523,9.511851382364405,2,1,2,1,1,314906.5,3,2,4,9,5,2008,2009,3,3,2,3,6.7580945044277305,5,3,3,5,3,1,1,0.0,1,0.0,7.563719668414366,7.563719668414366,3,5,1,3,7.0690234265782586,8.052296499538647,4,0.6931471805599453,5,11,8,2,4,3,2009.0,3,820,3,3,3,4.976733742420574,4.3694478524670215,0.0,0.0,0.0,0,2,7,2009,3,2,0.0,3.5,0,1,0,1,1,0,1,1,0,1,1,1,0,1,0,1,1,0,0,0,1,0,0,0,0,1,0,1,0,1,1,0,0,1,1,0,0,0,0,0,0,0,0,0,0,0,1,0,0,0,0,0,0,13.091906231773164
3,4.68213122712422,9.539068413863962,2,1,2,1,1,314906.5,3,2,4,9,5,2008,2009,3,3,2,3,6.052089168924417,5,3,3,5,3,3,1,0.0,1,0.0,7.45876269238096,7.45876269238096,3,5,1,3,6.9930151229329605,7.945555428253488,4,0.6931471805599453,5,12,8,1,4,3,2009.0,2,1020,3,3,3,3.970291913552122,5.14166355650266,0.0,0.0,5.2626901889048865,0,2,1,2009,3,2,0.0,3.5,0,1,0,1,1,0,1,1,0,1,1,1,0,1,0,1,1,0,0,0,1,0,0,0,0,1,0,0,0,1,1,0,0,1,1,0,0,0,0,0,0,0,0,0,0,0,1,0,0,0,0,0,0,13.275829251377
3,3.80666248977032,8.759668671029939,2,2,2,1,1,314906.5,3,2,3,7,5,2009,2010,2,3,2,3,4.859812404361672,4,3,3,4,3,2,6,6.598509028614515,1,0.0,6.439350371100098,7.2145044141511425,3,5,1,3,0.0,7.2145044141511425,2,0.6931471805599453,4,6,8,1,4,2,2010.0,2,484,3,3,3,5.2626901889048865,3.58351893845611,0.0,0.0,0.0,0,2,6,2010,3,2,1.0,2.0,0,1,0,1,0,1,1,1,0,1,1,0,1,0,1,0,1,0,0,0,1,0,0,0,0,1,0,0,0,1,1,1,0,1,1,0,0,1,0,0,0,0,0,0,0,0,0,0,0,0,0,0,0,12.319405795112926
3,4.74493212836325,9.602652693506046,2,1,2,1,1,314906.5,4,2,3,10,5,2007,2008,3,2,3,2,6.705639094860003,5,3,3,5,3,2,6,7.400620577371135,1,0.0,6.093569770045137,7.639642287858013,3,5,1,3,0.0,7.642524134232903,2,0.6931471805599453,5,7,8,1,4,2,2007.0,3,1220,3,3,3,5.2417470150596435,3.828641396489095,0.0,0.0,0.0,0,2,6,2008,3,2,1.0,2.0,1,1,0,1,1,0,1,1,0,1,0,1,1,0,0,1,0,0,0,0,0,0,0,0,1,1,0,0,1,1,1,1,0,1,1,0,0,0,0,0,0,1,0,0,0,0,0,0,0,0,0,0,0,12.861001210669146
3,4.31748811353631,9.086476384753798,2,1,2,1,1,314906.5,3,2,4,9,5,2004,2005,3,3,2,3,5.37989735354046,4,3,3,5,3,1,6,7.065613363597717,1,0.0,5.680172609017067,7.288244401020124,3,5,1,3,6.637258031284458,7.7075121946003415,4,0.6931471805599453,5,10,8,1,4,2,2004.0,3,738,3,3,3,5.220355825078324,0.0,0.0,0.0,0.0,0,2,6,2009,2,1,1.0,2.5,0,1,0,1,1,0,1,1,0,1,1,1,0,1,0,1,1,0,0,0,1,0,0,0,0,1,0,1,0,1,1,1,0,1,1,1,1,0,0,0,0,0,0,0,0,0,1,0,0,0,0,0,0,12.765691290604373
3,4.61512051684126,9.466531777336591,2,2,2,1,1,314906.5,3,2,3,9,5,2009,2010,3,3,2,3,6.634633357861687,5,3,3,5,3,3,6,7.691200097522862,1,0.0,4.962844630259907,7.754052639035757,3,5,1,3,0.0,7.768533300926032,2,0.6931471805599453,5,11,8,2,4,2,2009.0,3,820,3,3,3,0.0,4.219507705176107,0.0,0.0,0.0,0,2,3,2010,3,2,1.0,2.5,0,1,0,1,0,1,1,1,0,1,1,1,1,0,0,1,1,0,0,0,1,0,0,0,0,1,0,0,0,1,1,1,0,1,1,0,0,0,0,0,0,1,0,0,0,0,0,0,0,0,0,0,0,13.323928581764989
3,4.543294782270004,9.392661928770137,2,1,2,1,1,314906.5,3,2,4,8,5,2003,2004,3,3,2,2,5.831882477283517,4,3,3,4,3,1,1,0.0,1,0.0,7.074963197966044,7.074963197966044,3,5,1,3,7.039660349862076,7.772752716468742,4,0.6931471805599453,5,10,8,1,4,3,2003.0,3,656,3,3,3,4.653960350157523,4.61512051684126,0.0,0.0,0.0,0,2,5,2007,2,1,0.0,2.5,0,1,0,1,1,0,1,1,0,1,1,1,0,1,0,1,1,0,0,0,1,0,0,0,1,1,0,1,0,1,1,0,0,1,1,1,1,0,0,0,0,0,0,0,0,0,1,0,0,0,0,0,0,12.560247968016563
3,3.610917912644224,7.72709448477984,2,1,2,1,1,314906.5,3,1,4,7,5,2003,2004,2,3,2,3,4.672828834461906,4,3,3,4,3,1,6,6.3421214187211525,1,0.0,5.288267030694535,6.639875833826536,3,5,1,3,6.760414691083428,7.394493107219037,2,0.6931471805599453,4,6,8,0,0,3,2003.0,2,474,3,3,3,0.0,3.332204510175204,0.0,0.0,0.0,0,2,7,2009,2,1,0.0,2.0,1,1,0,1,1,0,1,1,0,1,1,0,0,1,1,0,1,0,0,0,0,0,0,0,0,1,0,1,0,1,1,0,0,1,1,1,1,0,1,0,0,0,0,0,0,0,0,0,0,0,0,0,0,12.061052653810028
3,4.59511985013459,9.40951904583656,2,2,2,1,1,301500.0,3,2,4,8,5,1998,1999,3,3,2,2,6.883462586413093,4,3,3,4,3,1,6,6.751101468936759,1,0.0,5.918893854273146,7.111512116496158,3,5,1,3,7.1981835771019425,7.868254265520612,4,0.6931471805599453,4,8,8,1,3,2,1998.0,3,676,3,3,3,5.525452939131784,0.0,0.0,0.0,0.0,0,2,7,2009,2,1,1.0,2.5,0,1,0,1,0,1,1,0,1,1,1,1,0,1,0,1,1,0,0,0,1,0,0,0,1,1,0,1,0,1,1,1,0,1,1,1,1,0,0,0,0,0,0,0,0,0,1,0,0,0,0,0,0,12.724869415131387
3,4.430816798843313,9.226213721132472,2,2,2,1,1,314906.5,3,2,3,9,5,2009,2010,3,3,2,3,6.1114673395026795,5,3,3,5,3,2,6,7.40671073017764,1,0.0,5.652489180268652,7.565793282428515,3,5,1,3,0.0,7.57095858316901,3,0.6931471805599453,5,8,8,1,4,2,2010.0,3,606,3,3,3,5.1298987149230735,4.564348191467836,0.0,0.0,0.0,0,2,4,2010,3,2,1.0,2.5,0,1,0,1,0,1,1,1,0,1,1,1,1,0,0,1,1,0,0,0,1,0,0,0,0,1,0,0,1,1,1,1,0,1,1,0,0,0,0,0,0,1,0,0,0,0,0,0,0,0,0,0,0,12.887129532148373
3,4.418840607796597,9.154087430425383,2,1,2,1,1,301500.0,3,2,4,8,5,1997,1998,2,3,2,2,6.049733455231958,4,3,3,4,3,1,6,6.980075940561763,1,0.0,5.777652323222656,7.242082359256963,3,5,1,3,6.893656354602635,7.780303087908372,3,0.6931471805599453,4,7,8,1,3,2,1997.0,3,870,3,3,3,0.0,4.262679877041316,0.0,0.0,0.0,0,2,6,2006,2,1,1.0,2.5,0,1,0,1,1,0,1,1,0,1,1,1,0,1,1,0,1,0,0,0,1,0,0,0,1,1,0,1,0,1,1,1,0,1,1,1,1,0,0,0,0,0,0,0,0,0,1,0,0,0,0,0,0,12.759960632315703
3,4.574710978503383,9.430037992886092,2,1,2,1,1,314906.5,3,2,3,10,5,2006,2007,3,2,3,3,5.442417710521793,5,3,3,5,3,3,6,7.067319848653476,1,0.0,6.2709884318582985,7.438971592395863,3,5,1,3,0.0,7.449498005382849,3,0.6931471805599453,5,7,8,1,4,2,2008.0,3,786,3,3,3,5.37989735354046,3.8918202981106265,0.0,0.0,0.0,0,2,7,2009,2,1,1.0,2.0,1,1,0,1,1,0,1,0,0,1,1,1,1,0,0,1,0,0,0,0,0,0,0,0,0,1,0,0,0,1,1,1,0,1,1,1,1,0,0,0,0,1,0,0,0,0,0,0,0,0,0,0,0,12.729323752253293
3,4.248495242049359,8.668196064952765,2,2,2,2,1,282000.0,3,2,3,8,5,1984,1984,2,4,2,1,0.0,4,3,1,4,3,2,6,6.944087208229528,1,0.0,5.220355825078324,7.107425474110705,3,4,1,3,0.0,7.215975002651466,1,0.6931471805599453,4,4,8,1,5,2,1984.0,2,565,3,3,3,4.158883083359672,0.0,0.0,0.0,0.0,0,2,8,2009,1,1,1.0,1.0,0,1,0,1,0,1,1,0,0,1,1,0,1,0,1,0,0,1,0,0,0,0,1,1,0,0,1,0,1,1,1,1,0,1,1,0,0,1,0,0,0,0,0,0,0,0,0,0,0,0,0,0,0,12.141539457711715
3,4.248495242049359,9.584796293210003,2,2,2,1,1,301500.0,3,2,4,8,7,1993,1993,2,4,2,1,0.0,4,4,3,4,4,1,6,6.920671504248682,1,0.0,5.7899601708972535,7.199678345691173,3,5,1,3,7.063903961472068,7.83241092718792,5,0.6931471805599453,4,10,8,1,3,2,1993.0,2,796,3,3,3,5.3471075307174685,4.02535169073515,0.0,0.0,0.0,0,2,11,2006,2,1,1.0,2.5,0,1,0,1,0,1,1,0,1,1,1,1,0,1,1,0,0,0,1,0,0,1,0,1,0,1,0,1,0,1,1,1,0,1,1,1,0,0,0,0,0,0,0,0,0,0,1,0,0,0,0,0,0,12.644330802262578
3,3.555348061489413,8.590815331286851,2,2,2,1,1,314906.5,3,1,3,6,5,2005,2005,2,3,2,3,4.9126548857360515,4,3,3,4,3,2,5,6.803505257608338,1,0.0,6.008813185442595,7.175489713624223,3,5,1,3,0.0,7.175489713624223,1,0.6931471805599453,4,5,8,1,4,2,2005.0,2,624,3,3,3,5.14166355650266,4.158883083359672,0.0,0.0,0.0,0,2,8,2009,2,1,1.0,2.0,0,1,0,1,0,1,1,1,0,1,1,0,1,0,1,0,1,0,0,0,1,0,0,0,0,1,0,0,1,1,1,1,0,1,1,1,1,1,0,0,0,0,0,0,0,0,0,0,0,0,0,0,0,12.185875040240454
3,4.4543472962535064,9.683900170549684,2,2,2,1,1,282000.0,3,2,4,9,5,2005,2006,3,2,3,3,5.342334251964812,4,3,3,5,3,2,6,5.484796933490656,1,0.0,7.4690838849212335,7.597396320212795,3,5,1,3,6.776506992372183,7.961718815981363,4,0.6931471805599453,5,11,8,1,4,3,2005.0,3,716,3,3,3,5.3706380281276624,4.691347882229144,0.0,0.0,0.0,0,2,7,2006,3,2,0.0,3.5,1,1,0,1,0,1,1,1,0,1,1,1,0,1,0,1,0,0,0,0,0,0,0,0,0,1,0,0,1,1,1,0,0,1,1,0,0,0,0,0,0,0,0,0,0,0,1,0,0,0,0,0,0,13.229569788348705
3,3.7841896339182615,8.86120833720818,2,2,2,1,1,314906.5,3,2,3,7,5,2005,2005,2,3,2,3,5.484796933490656,4,3,3,4,3,2,6,6.492239835020472,1,0.0,6.559615237493242,7.218909707619059,3,5,1,3,0.0,7.218909707619059,2,0.6931471805599453,4,6,8,1,4,2,2005.0,2,484,3,3,3,5.2626901889048865,3.610917912644224,0.0,0.0,0.0,0,2,6,2006,2,1,1.0,2.0,0,1,0,1,0,1,1,1,0,1,1,0,1,0,1,0,1,0,0,0,1,0,0,0,0,1,0,0,1,1,1,1,0,1,1,1,1,1,0,0,0,0,0,0,0,0,0,0,0,0,0,0,0,12.13270055639427
3,4.248495242049359,10.307618437631156,2,2,2,1,1,301500.0,3,2,4,7,6,1994,1994,2,4,2,1,0.0,4,3,3,4,3,1,6,6.39024066706535,1,0.0,5.937536205082426,6.881411303642535,3,5,1,3,6.77078942390898,7.523481312573497,3,0.6931471805599453,4,7,8,1,4,3,1994.0,3,467,3,3,3,5.1298987149230735,4.59511985013459,0.0,0.0,0.0,0,2,1,2009,2,1,0.0,2.5,0,1,0,1,0,0,1,0,0,1,1,1,0,1,1,0,0,1,0,0,0,0,1,1,0,1,0,1,0,1,1,0,0,1,1,1,1,0,0,0,0,0,0,0,0,0,1,0,0,0,0,0,0,12.421188057397055
3,4.574710978503383,9.33335414787133,2,2,2,1,1,314906.5,3,2,4,9,5,2008,2008,2,3,2,3,5.043425116919247,5,3,3,5,3,2,6,6.842683282238423,1,0.0,5.1298987149230735,7.007600613951852,3,5,1,3,6.961296045910168,7.68937110752969,3,0.6931471805599453,5,10,8,1,4,2,2008.0,3,836,3,3,3,0.0,4.634728988229637,0.0,0.0,0.0,0,2,7,2009,2,1,1.0,2.5,0,1,0,1,0,1,1,1,0,1,1,1,0,1,1,0,1,0,0,0,1,0,0,0,0,1,0,0,1,1,1,1,0,1,1,1,1,0,0,0,0,0,0,0,0,0,1,0,0,0,0,0,0,12.721888795877376
3,3.737669618283368,8.501267040865978,2,1,2,1,1,282000.0,3,2,3,8,5,2001,2001,2,2,3,1,0.0,4,3,3,4,3,2,6,6.424869023905388,1,0.0,6.583409222158765,7.199678345691173,3,5,1,3,0.0,7.199678345691173,2,0.6931471805599453,4,6,8,0,0,2,2001.0,3,582,3,3,3,0.0,0.0,5.14166355650266,0.0,0.0,0,2,4,2010,2,1,1.0,2.0,1,1,0,1,1,0,1,1,0,1,1,0,1,0,1,0,0,0,0,0,0,0,0,1,0,1,0,0,0,1,1,1,0,1,1,1,1,1,0,0,0,0,0,0,0,0,0,0,0,0,0,0,0,12.271396795480594
3,4.248495242049359,8.215276958936633,2,1,2,1,1,282000.0,3,2,3,8,5,1986,1986,2,4,2,1,0.0,4,3,1,4,3,1,1,0.0,1,0.0,6.980075940561763,6.980075940561763,3,5,1,3,0.0,6.9930151229329605,2,0.6931471805599453,4,5,8,0,0,2,1987.0,2,461,3,3,3,0.0,4.31748811353631,4.927253685157205,0.0,0.0,0,2,10,2007,2,1,0.0,1.5,0,1,0,1,1,0,1,1,0,1,1,0,1,0,1,0,0,1,0,0,0,0,1,1,0,0,1,1,0,1,1,1,0,1,1,1,1,1,0,0,0,0,0,0,0,0,0,0,0,0,0,0,0,12.04355959836804
3,4.59511985013459,9.413852481341165,2,2,2,1,1,301500.0,3,2,4,8,5,1994,1995,2,4,2,2,5.8944028342648505,4,3,3,5,3,2,6,6.940222469119639,1,0.0,6.068425588244112,7.2889276945212575,3,5,1,3,7.023758954738443,7.8720739798668715,3,0.6931471805599453,4,9,8,2,3,2,1994.0,2,712,3,3,3,5.231108616854587,3.49650756146648,0.0,0.0,0.0,0,2,4,2010,2,1,1.0,2.5,0,1,0,1,0,1,1,0,1,1,1,1,0,1,1,0,0,1,0,0,0,0,1,0,1,1,0,0,1,1,1,1,0,1,1,1,1,0,0,0,0,0,0,0,0,0,1,0,0,0,0,0,0,12.691583538230214
3,4.68213122712422,9.338117741918008,2,2,2,1,1,314906.5,3,2,3,8,5,2004,2005,2,4,2,3,3.7612001156935615,4,3,3,5,3,2,6,6.9469759921354175,1,0.0,6.682108597449808,7.515889085215125,3,5,1,3,0.0,7.515889085215125,3,0.6931471805599453,4,7,8,1,4,2,2004.0,3,862,3,3,3,4.836281906951479,5.225746673713202,0.0,0.0,0.0,0,2,3,2009,2,1,1.0,2.0,0,1,0,1,0,1,1,1,0,1,1,1,1,0,1,0,0,0,1,0,0,1,0,0,0,1,0,0,0,1,1,1,0,1,1,1,1,0,0,0,0,1,0,0,0,0,0,0,0,0,0,0,0,12.54254845357358
3,4.543294782270004,9.399803036921504,2,1,2,1,1,314906.5,3,2,3,8,5,2007,2007,3,3,2,3,5.796057750765373,4,3,3,5,3,1,6,6.912742820493176,1,0.0,6.594413459749777,7.45876269238096,3,5,1,3,0.0,7.45876269238096,3,0.6931471805599453,5,7,8,1,4,2,2007.0,2,928,3,3,3,0.0,0.0,0.0,0.0,0.0,0,2,11,2007,3,2,1.0,2.0,0,1,0,1,1,0,1,1,0,1,1,1,1,0,0,1,1,0,0,0,1,0,0,0,0,1,0,1,0,1,1,1,0,1,1,0,0,0,0,0,0,1,0,0,0,0,0,0,0,0,0,0,0,12.669809806411454
3,3.555348061489413,8.517593111437565,2,2,2,1,1,314906.5,3,1,3,7,5,2007,2008,2,3,2,3,5.1179938124167546,4,3,3,4,3,1,6,6.807934943699927,1,0.0,6.018593214496233,7.181591944611865,3,5,1,3,0.0,7.181591944611865,2,0.6931471805599453,4,6,8,1,4,2,2008.0,2,626,3,3,3,5.153291594497778,4.143134726391533,0.0,0.0,0.0,0,2,7,2009,2,1,1.0,2.0,0,1,0,1,0,1,1,1,0,1,1,0,1,0,1,0,1,0,0,0,1,0,0,0,0,1,0,1,0,1,1,1,0,1,1,1,1,1,0,0,0,0,0,0,0,0,0,0,0,0,0,0,0,12.345838935721968
3,4.382026634673881,9.163458386076051,2,2,2,1,1,314906.5,3,2,3,7,5,2009,2009,2,3,2,3,5.594711379601838,4,3,3,4,3,1,1,0.0,1,0.0,7.315218389752975,7.315218389752975,3,5,1,3,0.0,7.315218389752975,3,0.6931471805599453,4,7,8,0,0,2,2009.0,2,644,3,3,3,0.0,4.74493212836325,0.0,0.0,0.0,0,2,9,2009,3,2,0.0,2.0,0,1,0,1,0,1,1,1,0,1,1,1,1,0,1,0,1,0,0,0,1,0,0,0,0,1,0,1,0,1,1,1,0,1,1,0,0,0,0,0,0,1,0,0,0,0,0,0,0,0,0,0,0,12.359527368950227
3,4.7791234931115305,10.484613193102275,2,2,2,2,1,301500.0,3,2,4,10,5,1995,1996,3,4,2,2,7.229113877793303,4,4,3,5,3,3,6,7.23561914106675,1,0.0,6.298949246855942,7.565793282428515,3,5,1,3,7.493873886783558,8.196436811235028,4,0.6931471805599453,4,10,8,1,3,2,1995.0,3,807,3,3,3,5.891644211825772,4.343805421853683,0.0,0.0,0.0,0,2,7,2006,2,1,1.0,3.5,0,1,0,1,0,1,1,0,0,1,1,1,0,1,0,1,0,1,0,0,0,0,1,0,1,1,0,0,0,1,1,1,0,1,1,1,1,0,0,0,0,0,0,0,0,0,1,0,0,0,0,0,0,13.34550852871726
3,4.4543472962535064,9.276034475171548,2,1,2,1,1,301500.0,3,2,2,8,5,1992,2000,3,4,2,2,5.823045895483018,4,3,3,4,3,1,6,6.55250788703459,1,0.0,6.891625897052253,7.428927194802272,3,5,1,3,6.6120410348330925,7.96311205897929,4,0.6931471805599453,4,9,8,1,3,2,1992.0,3,541,3,3,3,0.0,3.5263605246161616,0.0,0.0,0.0,0,2,4,2007,2,1,0.0,2.5,0,1,0,1,1,0,1,1,0,1,1,1,0,0,0,1,0,1,0,0,0,0,1,0,1,1,0,1,0,1,1,1,0,1,1,1,1,0,0,0,0,0,0,0,0,1,0,0,0,0,0,0,0,12.560247968016563
3,5.081404364984463,9.656563472556517,2,2,2,1,1,301500.0,3,2,4,10,5,1996,1996,3,4,2,1,0.0,4,3,3,5,3,2,6,7.648263030901919,1,0.0,5.7071102647488745,7.7819732344343855,3,5,1,3,7.633369649679585,8.406708458240965,4,0.6931471805599453,5,10,8,2,3,2,1996.0,3,813,3,3,3,5.147494476813453,4.3694478524670215,0.0,0.0,0.0,3,2,7,2007,2,1,1.0,3.5,1,1,0,1,0,1,1,0,1,1,1,1,0,1,0,1,0,0,0,1,0,0,0,1,0,1,0,0,1,1,1,1,0,1,1,1,0,0,0,0,0,0,0,0,0,0,1,0,0,0,0,0,0,13.521140839642674
3,4.499809670330264,9.430439293104168,2,1,2,1,1,301500.0,3,2,3,8,5,1994,1995,2,3,2,1,0.0,4,3,3,4,3,1,6,7.284134806195206,1,0.0,5.1298987149230735,7.393263094763838,3,5,1,3,0.0,7.393263094763838,2,0.6931471805599453,4,5,8,1,2,2,1994.0,2,757,3,3,3,0.0,4.74493212836325,5.2626901889048865,0.0,0.0,4,2,7,2006,2,1,1.0,2.0,0,1,0,1,1,0,1,0,1,1,1,1,1,0,1,0,0,0,0,0,0,0,0,1,0,1,0,1,0,1,1,1,0,1,1,1,1,0,0,0,0,1,0,0,0,0,0,0,0,0,0,0,0,12.476103599529846
3,4.189654742026425,9.079092085366227,2,1,2,1,1,314906.5,3,2,3,9,5,2008,2008,3,4,2,2,6.642486801367255,5,3,3,5,3,1,6,7.340186835320115,1,0.0,5.093750200806762,7.440146680662688,3,5,1,3,0.0,7.440146680662688,1,0.6931471805599453,5,7,8,1,4,2,2008.0,3,1052,3,3,3,0.0,4.290459441148391,0.0,0.0,5.416100402204419,0,2,10,2008,3,2,1.0,1.5,0,1,0,1,1,0,1,0,1,1,1,0,1,0,0,1,0,0,1,0,0,1,0,0,1,1,0,1,0,1,1,1,0,1,1,0,0,1,0,0,0,0,0,0,0,0,0,0,0,0,0,0,0,12.813920618864572
3,3.610917912644224,7.874358824729882,2,1,2,1,1,314906.5,3,1,4,7,5,2003,2003,2,3,2,3,4.672828834461906,4,3,3,4,3,1,1,0.0,1,0.0,6.639875833826536,6.639875833826536,3,5,1,3,6.760414691083428,7.394493107219037,2,0.6931471805599453,4,6,8,0,0,3,2003.0,2,474,3,3,3,0.0,3.332204510175204,0.0,0.0,0.0,0,2,6,2010,2,1,0.0,2.5,1,1,0,1,1,0,1,1,0,1,1,0,0,1,1,0,1,0,0,0,0,0,0,0,0,1,0,1,0,1,1,0,0,1,1,1,1,0,1,0,0,0,0,0,0,0,0,0,0,0,0,0,0,12.075400019877524
3,4.68213122712422,9.539068413863962,2,1,2,1,1,314906.5,3,2,3,10,5,2006,2006,2,3,2,2,0.0,5,3,3,5,4,3,6,7.23489842031483,1,0.0,6.53813982376767,7.638679823876113,3,5,1,3,0.0,7.638679823876113,2,0.6931471805599453,5,7,8,1,4,2,2006.0,3,850,3,3,3,5.37989735354046,5.4380793089231965,0.0,0.0,0.0,0,2,9,2006,3,2,1.0,2.5,0,1,0,1,1,0,1,1,0,1,1,1,1,0,1,0,1,0,0,0,1,0,0,0,0,1,0,0,0,1,1,1,0,1,1,0,0,0,0,0,0,1,0,0,0,0,0,0,0,0,0,0,0,13.049794835104814
3,4.248495242049359,8.051022208190679,2,2,2,1,1,314906.5,3,2,3,7,5,2003,2003,2,3,2,3,5.0998664278242,4,3,3,4,3,1,1,0.0,1,0.0,7.24850407237061,7.24850407237061,3,5,1,3,0.0,7.24850407237061,2,0.6931471805599453,4,6,8,1,4,2,2003.0,2,478,3,3,3,5.003946305945459,3.610917912644224,0.0,0.0,0.0,0,2,3,2006,2,1,0.0,2.0,1,1,0,1,0,1,1,0,1,1,1,0,1,0,1,0,1,0,0,0,0,0,0,0,0,1,0,1,0,1,1,1,0,1,1,1,1,1,0,0,0,0,0,0,0,0,0,0,0,0,0,0,0,12.053801032483948
3,4.5217885770490405,9.568294497413296,2,2,2,1,1,301500.0,3,2,3,8,5,1994,1994,3,4,2,2,6.3189681137464335,4,3,3,4,3,3,6,7.181591944611865,1,0.0,6.511745329644728,7.594381242551818,3,5,1,3,0.0,7.594884387216519,2,0.6931471805599453,4,7,8,1,3,2,1994.0,3,691,3,3,3,5.572154032177764,3.610917912644224,0.0,0.0,0.0,0,2,8,2008,2,1,1.0,2.0,0,1,0,1,0,1,1,0,1,1,1,1,1,0,0,1,0,1,0,0,0,0,1,0,1,1,0,0,0,1,1,1,0,1,1,1,1,0,0,0,0,1,0,0,0,0,0,0,0,0,0,0,0,12.616528611893466
3,3.7135720667043084,8.642062173462106,2,2,2,1,1,282000.0,3,2,3,8,5,2000,2000,2,2,3,1,0.0,4,3,3,4,3,1,6,7.055312843339753,1,0.0,5.840641657373397,7.314552832324081,3,5,1,3,0.0,7.414572881350589,2,0.6931471805599453,5,5,8,1,5,2,2000.0,3,499,3,3,3,5.3612921657094255,4.0943445622220995,0.0,0.0,0.0,0,2,10,2009,2,1,1.0,2.0,1,1,0,1,0,1,1,1,0,1,1,0,1,0,1,0,0,0,0,0,0,0,0,1,0,1,0,1,0,1,1,1,0,1,1,1,1,1,0,0,0,0,0,0,0,0,0,0,0,0,0,0,0,12.53537998978861
3,4.465908118654584,9.311632623458054,2,2,2,1,1,314906.5,3,2,4,8,5,2006,2006,2,3,2,3,6.670766320845875,4,3,3,4,3,2,1,0.0,1,0.0,6.990256500493881,6.990256500493881,3,5,1,3,6.746412128573375,7.586296307152719,3,0.6931471805599453,5,8,8,1,4,3,2006.0,3,753,3,3,3,5.181783550292085,4.31748811353631,0.0,0.0,0.0,0,2,10,2006,3,2,0.0,2.5,0,1,0,1,0,1,1,1,0,1,1,1,0,1,1,0,1,0,0,0,1,0,0,0,0,1,0,0,0,1,1,0,0,1,1,0,0,0,0,0,0,0,0,0,0,0,1,0,0,0,0,0,0,12.546113507028412
3,4.532599493153255,9.222367752188902,2,1,2,1,1,301500.0,3,2,4,8,5,1994,1994,3,3,2,2,5.971261839790463,4,3,3,4,3,1,6,6.608000625296088,1,0.0,6.054439346269372,7.061334366910438,3,5,1,3,7.188412736496954,7.834788107388194,4,0.6931471805599453,4,8,8,1,3,2,1994.0,2,844,3,3,3,5.736572297479192,4.3694478524670215,0.0,0.0,0.0,0,2,12,2006,2,1,1.0,2.5,0,1,0,1,1,0,1,1,0,1,1,1,0,1,0,1,1,0,0,0,1,0,0,0,1,1,0,1,0,1,1,1,0,1,1,1,1,0,0,0,0,0,0,0,0,0,1,0,0,0,0,0,0,12.577639650232573
3,4.691347882229144,9.486000469200636,2,2,2,1,1,314906.5,3,2,3,9,5,2006,2007,3,3,2,3,5.7071102647488745,4,3,3,5,3,1,6,7.360739903058278,1,0.0,4.394449154672439,7.410347097821023,3,5,1,3,0.0,7.410347097821023,2,0.6931471805599453,5,6,8,2,5,2,2006.0,3,840,3,3,3,6.003887067106539,4.634728988229637,0.0,0.0,0.0,0,2,11,2009,2,1,1.0,2.0,0,1,0,1,0,1,1,0,1,1,1,1,1,0,0,1,1,0,0,0,1,0,0,0,0,1,0,1,0,1,1,1,0,1,1,1,1,0,0,0,0,1,0,0,0,0,0,0,0,0,0,0,0,12.691583538230214
3,3.8918202981106265,8.847359875474174,2,2,2,1,1,314906.5,3,2,3,7,5,2005,2006,2,3,2,3,4.553876891600541,4,3,3,4,3,1,1,0.0,1,0.0,7.22183582528845,7.22183582528845,3,5,1,3,0.0,7.22183582528845,2,0.6931471805599453,4,6,8,1,4,2,2005.0,2,474,3,3,3,4.890349128221754,3.58351893845611,0.0,0.0,0.0,0,2,9,2006,3,2,0.0,2.0,0,1,0,1,0,1,1,1,0,1,1,0,1,0,1,0,1,0,0,0,1,0,0,0,0,1,0,1,0,1,1,1,0,1,1,0,0,1,0,0,0,0,0,0,0,0,0,0,0,0,0,0,0,12.218500103788145
3,4.248495242049359,9.166701914946351,2,2,2,1,1,301500.0,3,2,4,8,5,1990,1990,2,4,2,2,5.8200829303523625,4,3,3,5,3,1,6,6.180016653652572,1,0.0,6.879355804460438,7.282073658093465,3,5,1,3,7.213768308118643,7.941295570906532,4,0.6931471805599453,4,9,8,1,5,2,1990.0,2,750,4,4,3,6.2166061010848646,0.0,0.0,0.0,0.0,0,2,6,2007,2,1,0.0,2.5,0,1,0,1,0,1,1,1,0,1,1,1,0,1,1,0,0,0,0,1,0,0,0,0,1,1,0,1,0,1,1,1,0,1,1,1,1,0,0,0,0,0,0,0,0,0,1,0,0,0,0,0,0,12.618185607609803
3,4.691347882229144,9.600691842274301,2,2,2,1,1,301500.0,3,2,4,9,5,1999,1999,2,3,2,2,5.111987788356544,4,3,3,4,3,1,1,0.0,1,0.0,7.239932591320469,7.239932591320469,3,5,1,3,7.071573364211532,7.863266724009573,4,0.6931471805599453,4,10,8,1,3,3,1999.0,3,779,3,3,3,6.505784060128229,3.4339872044851463,0.0,0.0,0.0,0,2,5,2010,2,1,0.0,2.5,0,1,0,1,0,1,1,0,1,1,1,1,0,1,1,0,1,0,0,0,1,0,0,0,1,1,0,1,0,1,1,0,0,1,1,1,1,0,0,0,0,0,0,0,0,0,1,0,0,0,0,0,0,12.716405147731708
3,4.68213122712422,9.228867676590069,2,2,2,1,1,301500.0,3,2,4,7,5,1992,1992,2,4,2,1,0.0,4,3,3,4,3,1,6,6.51471269087253,1,0.0,4.343805421853683,6.621405651764134,3,5,1,3,6.760414691083428,7.562161631225653,3,0.6931471805599453,4,8,8,1,3,2,1992.0,2,564,3,3,3,5.484796933490656,3.688879454113936,0.0,0.0,0.0,0,2,6,2010,2,1,1.0,2.5,0,1,0,1,0,1,1,1,0,1,1,1,0,1,1,0,0,1,0,0,0,0,1,1,0,1,0,1,0,1,1,1,0,1,1,1,1,0,0,0,0,0,0,0,0,0,1,0,0,0,0,0,0,12.154784614286669
3,4.043051267834549,9.597030324758013,2,2,2,2,1,301500.0,3,2,2,8,5,1995,1996,3,3,2,2,6.363028103540465,4,3,3,4,3,2,6,6.705639094860003,1,0.0,7.1049654482698426,7.617759576608505,3,5,1,3,7.07834157955767,8.08301991917133,4,0.6931471805599453,4,9,8,1,5,2,1996.0,3,666,3,3,3,5.648974238161206,4.465908118654584,0.0,0.0,0.0,0,2,3,2010,2,1,1.0,2.5,0,1,0,1,0,1,1,0,0,1,1,1,0,0,0,1,1,0,0,0,1,0,0,0,1,1,0,0,1,1,1,1,0,1,1,1,1,0,0,0,0,0,0,0,0,1,0,0,0,0,0,0,0,12.923914877701904
3,4.867534450455582,9.72543686259282,2,1,2,2,1,314906.5,3,2,3,9,5,2004,2005,3,3,2,2,4.204692619390967,4,3,3,5,3,2,6,7.277938572945661,1,0.0,6.280395838960196,7.591357046698551,3,5,1,3,0.0,7.591357046698551,3,0.6931471805599453,5,8,8,1,4,2,2004.0,3,770,3,3,3,5.272999558563747,3.828641396489095,0.0,0.0,0.0,0,2,9,2006,2,1,1.0,2.0,0,1,0,1,1,0,1,0,0,1,1,1,1,0,0,1,1,0,0,0,1,0,0,0,1,1,0,0,1,1,1,1,0,1,1,1,1,0,0,0,0,1,0,0,0,0,0,0,0,0,0,0,0,12.660331092405903
3,4.8283137373023015,9.690232448972248,2,2,3,1,2,282000.0,3,2,3,7,5,2005,2005,3,3,2,3,2.8332133440562166,4,3,3,5,3,2,5,7.150701457592526,1,0.0,5.54907608489522,7.333676395657684,3,5,1,3,0.0,7.333676395657684,3,0.6931471805599453,4,7,8,1,4,2,2005.0,3,430,3,3,3,5.1298987149230735,3.610917912644224,0.0,0.0,0.0,0,2,6,2009,2,1,1.0,2.0,0,1,0,1,0,1,0,1,0,0,1,1,1,0,0,1,1,0,0,0,1,0,0,0,0,1,0,0,1,1,1,1,0,1,1,1,1,0,0,0,0,1,0,0,0,0,0,0,0,0,0,0,0,12.468440756144116
3,4.248495242049359,9.34145634983372,2,1,2,1,1,301500.0,3,2,3,10,5,2001,2002,3,3,2,2,6.559615237493242,5,3,3,5,3,3,6,7.1569563646156364,1,0.0,7.20934025660291,7.876258882303226,3,5,1,3,0.0,7.876258882303226,2,0.6931471805599453,5,8,8,2,4,2,2001.0,2,804,3,3,3,5.752572638825632,4.948759890378168,0.0,0.0,0.0,0,2,3,2007,2,1,1.0,2.5,0,1,0,1,1,0,1,1,0,1,1,1,1,0,0,1,1,0,0,0,1,0,0,0,1,1,0,0,0,1,1,1,0,1,1,1,1,0,0,0,0,1,0,0,0,0,0,0,0,0,0,0,0,13.05301544288996
3,4.248495242049359,9.713899659750126,2,2,2,1,1,301500.0,3,2,4,8,5,1998,1998,2,3,2,2,6.595780513961311,4,3,3,4,3,2,6,6.661854740545311,1,0.0,6.222576268071369,7.158513997329321,3,5,1,3,7.039660349862076,7.804251383528112,3,0.6931471805599453,4,7,8,1,3,2,1998.0,3,1069,3,3,3,0.0,4.84418708645859,0.0,0.0,0.0,0,2,5,2009,2,1,1.0,2.5,0,1,0,1,0,1,1,1,0,1,1,1,0,1,1,0,1,0,0,0,1,0,0,0,1,1,0,0,0,1,1,1,0,1,1,1,1,0,0,0,0,0,0,0,0,0,1,0,0,0,0,0,0,12.73670383776449
3,4.4067192472642525,9.300638009956963,2,2,2,1,1,301500.0,3,2,4,7,5,1994,1994,2,3,2,2,6.107022887742255,4,3,3,4,3,1,6,6.90875477931522,1,0.0,5.41164605185504,7.109879463072272,3,5,1,3,6.807934943699927,7.662937850461535,3,0.6931471805599453,4,5,8,2,3,2,1994.0,2,525,3,3,3,5.147494476813453,4.890349128221754,0.0,0.0,0.0,0,2,8,2008,2,1,1.0,2.5,0,1,0,1,0,1,1,1,0,1,1,1,0,1,1,0,1,0,0,0,1,0,0,0,1,1,0,1,0,1,1,1,0,1,1,1,1,0,0,0,0,0,0,0,0,0,1,0,0,0,0,0,0,12.509877789891933
3,4.574710978503383,9.429074214801693,2,1,2,1,1,314906.5,3,2,3,8,5,2008,2008,3,3,2,3,6.056784013228625,5,3,3,5,3,2,6,7.1981835771019425,1,0.0,6.391917113392602,7.566828479208331,3,5,1,3,0.0,7.566828479208331,2,0.6931471805599453,5,7,8,1,4,2,2008.0,3,774,3,3,3,0.0,4.204692619390967,0.0,5.720311776607412,0.0,0,2,11,2008,3,2,1.0,2.0,0,1,0,1,1,0,1,0,0,1,1,1,1,0,0,1,1,0,0,0,1,0,0,0,0,1,0,0,1,1,1,1,0,1,1,0,0,0,0,0,0,1,0,0,0,0,0,0,0,0,0,0,0,12.885673487343766
